iso3,country,old_raw_rank,old_raw_index,internal_withdrawal_pct,internal_withdrawal_year,available_water_stress_pct,available_water_stress_year,total_withdrawal_bcm,total_withdrawal_year,rural_pct,rural_year,crop_mix_year,crop_item_count,crop_hhi,shannon_equitability,top_crop,top_crop_share,top3_crop_share,available_water_term,source_variant_score,has_internal_denominator_artifact,internal_to_available_ratio,internal_minus_available_pct_points,source_variant_rank,old_index_rank,available_water_rank,crop_hhi_rank,rural_rank,source_variant_rank_rebuilt,published_member,has_available_water,has_crop_mix,aligned_water_crop
TKM,Turkmenistan,1,79.4,1867.9715,2022,135.2138,2022,26.245,2022,52.8946,2025,2024,26,0.27795,0.47584,Wheat,0.37072,0.89845,1.3521,19.88,True,13.8149,1732.7577,1,1,1,18,21,1,True,True,True,True
AFG,Afghanistan,5,32.0,43.0159,2022,54.757,2022,20.282,2022,74.0598,2025,2024,41,0.41213,0.47962,Wheat,0.63609,0.70916,0.5476,16.71,False,0.7856,-11.7411,2,5,9,12,7,2,True,True,True,True
LKA,Sri Lanka,7,15.4,24.5189,2022,90.7854,2022,12.946,2022,79.5499,2025,2024,52,0.21952,0.56534,Rice,0.41456,0.69055,0.9079,15.85,False,0.2701,-66.2665,3,7,4,22,3,3,False,True,True,True
PAK,Pakistan,2,75.3,326.0,2022,109.9933,2022,179.3,2022,60.4744,2025,2024,78,0.18905,0.52565,Wheat,0.37958,0.61132,1.0999,12.58,True,2.9638,216.0067,4,2,3,27,16,4,True,True,True,True
UZB,Uzbekistan,4,41.3,262.5459,2022,123.0284,2022,42.9,2022,48.9827,2025,2024,76,0.18304,0.52158,Wheat,0.28499,0.72665,1.2303,11.03,True,2.134,139.5175,5,4,2,28,22,5,False,True,True,True
TJK,Tajikistan,15,9.0,16.7066,2022,69.9433,2022,10.602,2022,73.8352,2025,2024,44,0.12039,0.68051,Wheat,0.26058,0.49751,0.6994,6.22,False,0.2389,-53.2367,6,15,5,37,8,6,False,True,True,True
KAZ,Kazakhstan,9,14.7,38.7972,2022,34.6269,2022,24.966,2022,37.6144,2025,2024,66,0.42764,0.37059,Wheat,0.63877,0.81182,0.3463,5.57,False,1.1204,4.1703,7,9,12,10,28,7,False,True,True,True
AZE,Azerbaijan,3,54.4,160.5299,2022,57.527,2022,13.027,2022,41.3629,2025,2024,64,0.21492,0.54461,Wheat,0.38199,0.67997,0.5753,5.11,True,2.7905,103.0028,8,3,8,23,24,8,True,True,True,True
KGZ,Kyrgyzstan,11,10.3,15.7511,2022,50.039,2022,7.707,2022,65.2536,2025,2024,69,0.15247,0.57272,Barley,0.25563,0.61676,0.5004,4.98,False,0.3148,-34.2879,9,11,10,32,13,9,False,True,True,True
IND,India,6,23.9,44.7787,2022,66.4921,2022,647.5,2022,64.3108,2025,2024,84,0.09167,0.67603,Rice,0.22359,0.42176,0.6649,3.92,False,0.6734,-21.7134,10,6,6,40,14,10,False,True,True,True
MDV,Maldives,14,9.1,15.6667,2022,15.6667,2022,0.0047,2022,57.4938,2025,2024,20,0.39987,0.48331,"Other vegetables, fresh n.e.c.",0.60797,0.81277,0.1567,3.6,False,1.0,-0.0,11,14,18,13,19,11,False,True,True,True
VNM,Viet Nam,16,7.0,22.7761,2022,18.1303,2022,81.862,2022,61.1701,2025,2024,44,0.29167,0.55083,Rice,0.52342,0.65368,0.1813,3.23,False,1.2562,4.6458,12,16,17,16,15,12,False,True,True,True
ARM,Armenia,8,15.3,44.7879,2022,61.973,2022,3.072,2022,34.0713,2025,2024,41,0.13089,0.69723,Wheat,0.26501,0.54491,0.6197,2.76,False,0.7227,-17.1851,13,8,7,34,32,13,False,True,True,True
TLS,Timor-Leste,12,10.2,14.2666,2022,28.2682,2022,1.172,2022,71.2136,2025,2024,27,0.1334,0.7067,Maize (corn),0.22903,0.57375,0.2827,2.69,False,0.5047,-14.0016,14,12,14,33,9,14,False,True,True,True
THA,Thailand,13,9.5,25.5254,2022,23.0139,2022,57.307,2022,37.2007,2025,2024,70,0.29566,0.44038,Rice,0.50586,0.73461,0.2301,2.53,False,1.1091,2.5114,15,13,16,15,29,15,False,True,True,True
PHL,Philippines,17,6.6,19.0056,2022,27.8315,2022,91.0369,2022,44.2267,2025,2024,70,0.20012,0.50022,Rice,0.31824,0.74224,0.2783,2.46,False,0.6829,-8.8259,16,17,15,25,23,16,False,True,True,True
IDN,Indonesia,19,2.3,11.0286,2022,29.6965,2022,222.635,2022,40.6071,2025,2024,61,0.1891,0.55891,Oil palm fruit,0.33983,0.65298,0.297,2.28,False,0.3714,-18.6679,17,19,13,26,25,17,False,True,True,True
BGD,Bangladesh,10,12.8,34.1619,2022,5.7233,2022,35.87,2022,66.7604,2025,2024,62,0.4457,0.41177,Rice,0.66201,0.74666,0.0572,1.7,False,5.9689,28.4386,18,10,21,8,12,18,False,True,True,True
CHN,China,18,3.2,20.2097,2022,41.5185,2022,568.48,2022,33.657,2025,2024,122,0.10647,0.62093,Maize (corn),0.23663,0.51534,0.4152,1.49,False,0.4868,-21.3088,19,18,11,38,33,19,False,True,True,True
MMR,Myanmar,20,1.8,3.3138,2022,5.8015,2022,33.231,2022,69.4163,2025,2024,44,0.21363,0.59172,Rice,0.41608,0.65721,0.058,0.86,False,0.5712,-2.4877,20,20,20,24,10,20,False,True,True,True
LAO,Lao PDR,21,1.7,3.8603,2022,4.7914,2022,7.35,2022,59.687,2025,2024,37,0.23186,0.55644,Rice,0.43249,0.66533,0.0479,0.66,False,0.8057,-0.9311,21,21,22,21,17,21,False,True,True,True
NPL,Nepal,22,1.4,4.7917,2022,8.3118,2022,9.4971,2022,33.0006,2025,2024,55,0.16525,0.57575,Rice,0.30483,0.64771,0.0831,0.45,False,0.5765,-3.5202,22,22,19,29,34,22,False,True,True,True
MNG,Mongolia,25,0.4,1.3287,2022,3.395,2022,0.4624,2022,28.8549,2025,2024,17,0.42178,0.44416,Wheat,0.59711,0.88978,0.034,0.41,False,0.3914,-2.0663,23,25,26,11,35,23,False,True,True,True
MYS,Malaysia,28,0.2,1.1564,2022,3.4395,2022,6.707,2022,22.6051,2025,2024,50,0.52203,0.2772,Oil palm fruit,0.70024,0.93902,0.0344,0.41,False,0.3362,-2.2831,24,28,25,6,37,24,False,True,True,True
KHM,Cambodia,23,0.9,1.8109,2022,1.0365,2022,2.184,2022,58.8944,2025,2024,32,0.46278,0.39831,Rice,0.66729,0.82446,0.0104,0.28,False,1.7471,0.7744,25,24,28,7,18,25,False,True,True,True
BRN,Brunei Darussalam,26,0.3,1.0824,2022,3.4665,2022,0.092,2022,24.989,2025,2024,26,0.28654,0.54546,"Other vegetables, fresh n.e.c.",0.49046,0.74098,0.0347,0.25,False,0.3122,-2.3841,26,26,24,17,36,26,False,True,True,True
GEO,Georgia,24,0.9,2.225,2022,4.213,2022,1.2934,2022,38.8219,2025,2024,49,0.10526,0.69306,Maize (corn),0.20038,0.49665,0.0421,0.17,False,0.5281,-1.988,27,23,23,39,27,27,False,True,True,True
BTN,Bhutan,27,0.2,0.4332,2022,1.4138,2022,0.3379,2022,56.5698,2025,2024,67,0.09147,0.71273,Rice,0.20664,0.44713,0.0141,0.07,False,0.3064,-0.9806,28,27,27,41,20,28,False,True,True,True
FJI,Fiji,29,0.1,0.2974,2022,0.2974,2022,0.0849,2022,40.4555,2025,2024,36,0.25341,0.60359,Sugar cane,0.47804,0.6613,0.003,0.03,False,1.0,-0.0,29,29,29,19,26,29,False,True,True,True
PNG,Papua New Guinea,30,0.0,0.049,2022,0.1322,2022,0.3921,2022,84.2203,2025,2024,34,0.12226,0.69146,Oil palm fruit,0.23672,0.5024,0.0013,0.01,False,0.3702,-0.0833,30,30,30,36,1,30,False,True,True,True
COK,Cook Islands,,,,,,,,,,,2024,14,0.44301,0.45614,"Coconuts, in shell",0.63361,0.90663,,,False,,,,,,9,,,False,False,True,False
HKG,Hong Kong SAR,,,,,,,,,0.0,2025,2024,14,0.16344,0.76725,"Other vegetables, fresh n.e.c.",0.23869,0.64316,,,False,,,,,,30,40,,False,False,True,False
KIR,Kiribati,,,,,,,,,36.6149,2025,2024,6,0.83425,0.23085,"Coconuts, in shell",0.91196,0.97186,,,False,,,,,,2,30,,False,False,True,False
MHL,Marshall Islands,,,,,,,,,20.8945,2025,,,,,,,,,,False,,,,,,,38,,False,False,False,False
FSM,Micronesia,,,,,,,,,77.5191,2025,2024,14,0.79309,0.21989,"Coconuts, in shell",0.88953,0.93667,,,False,,,,,,3,6,,False,False,True,False
NRU,Nauru,,,,,,,,,0.0,2025,2024,2,0.58964,0.8665,"Coconuts, in shell",0.71171,1.0,,,False,,,,,,4,41,,False,False,True,False
PLW,Palau,,,,,,,,,20.7164,2025,,,,,,,,,,False,,,,,,,39,,False,False,False,False
WSM,Samoa,,,,,,,,,82.4936,2025,2024,23,0.36702,0.49361,"Coconuts, in shell",0.58173,0.76108,,,False,,,,,,14,2,,False,False,True,False
SLB,Solomon Islands,,,,,,,,,68.6907,2025,2024,17,0.24118,0.61901,"Coconuts, in shell",0.38273,0.7544,,,False,,,,,,20,11,,False,False,True,False
TWN,Taiwan,,,,,,,,,,,2024,67,0.15774,0.65796,Rice,0.36614,0.51695,,,False,,,,,,31,,,False,False,True,False
TON,Tonga,,,,,,,,,78.8439,2025,2024,20,0.13054,0.78602,"Other vegetables, fresh n.e.c.",0.25523,0.51747,,,False,,,,,,35,4,,False,False,True,False
TUV,Tuvalu,,,,,,,,,34.5519,2025,2024,5,0.85493,0.22302,"Coconuts, in shell",0.9235,0.98633,,,False,,,,,,1,31,,False,False,True,False
VUT,Vanuatu,,,,,,,,,77.678,2025,2024,26,0.53063,0.35692,"Coconuts, in shell",0.71348,0.87645,,,False,,,,,,5,5,,False,False,True,False
