iso3,country,year,admin_level,total_pop,urban_cell_pop,embedded_urban_pop,admin_units,rural_units,rural_units_with_urban_pop,embedded_share_of_urban_cell_pop_pct
AFG,Afghanistan,1975,2,12159268.109051174,7508324.201552099,707822.6520610973,328.0,210.0,71.0,9.427172203283101
AZE,Azerbaijan,1975,2,5889038.989347715,4123322.6135462923,526806.9524936882,79.0,37.0,30.0,12.776272968866829
BGD,Bangladesh,1975,2,74551288.72178914,64595177.67438476,305186.3038455965,64.0,3.0,3.0,0.4724598876157566
BRN,Brunei Darussalam,1975,2,159559.46241560596,97114.86038383887,9656.36986938887,39.0,24.0,4.0,9.943246410716984
BTN,Bhutan,1975,2,390550.7128890381,80220.37800593679,3737.19383410737,205.0,199.0,2.0,4.658658967962973
CHN,China,1975,2,919738644.9384457,685124406.9485527,17345034.581398513,368.0,44.0,39.0,2.5316620464086
FJI,Fiji,1975,2,572521.7580858296,240272.52641031813,110186.89685259962,15.0,14.0,4.0,45.85913275179506
FSM,Micronesia,1975,2,64720.10441666769,9376.11943693855,0.0,74.0,73.0,0.0,0.0
GEO,Georgia,1975,2,4969694.448718997,3235154.5336293043,415429.1852475179,69.0,38.0,29.0,12.841092471136937
IDN,Indonesia,1975,2,131015782.44747745,107047356.91204008,3627768.558680489,502.0,170.0,110.0,3.388938002141796
IND,India,1975,2,623578980.3780062,407315971.6071833,60310660.85490416,676.0,277.0,258.0,14.806848996598625
KAZ,Kazakhstan,1975,2,13161509.093147736,8419047.264626851,1493984.4198428865,174.0,110.0,95.0,17.745290801727112
KGZ,Kyrgyz Republic,1975,2,3265066.4306844496,2308496.5947695016,98625.17679394216,44.0,16.0,8.0,4.272268671195058
KHM,Cambodia,1975,2,6730325.287478929,2568480.2967236405,854776.8981598242,202.0,152.0,64.0,33.2794804480369
LAO,Lao PDR,1975,2,3018964.6168683483,511567.473738609,176231.05923742635,142.0,134.0,26.0,34.44923070450596
LKA,Sri Lanka,1975,2,13643769.739196874,9730854.420549808,548442.342447471,323.0,143.0,72.0,5.636117022666168
MMR,Myanmar,1975,2,30346831.707280613,26134632.539187398,1544681.5013541132,63.0,45.0,38.0,5.910477214622976
MNG,Mongolia,1975,2,1485688.5931090964,731231.4487252285,1207.88855773257,327.0,300.0,6.0,0.16518553186385898
MYS,Malaysia,1975,2,11613207.577442368,7816710.097316121,769571.4474131636,144.0,70.0,49.0,9.84520901801638
NPL,Nepal,1975,2,13927088.307841837,7715548.005051944,1745617.1145113453,14.0,10.0,10.0,22.624667922075783
PAK,Pakistan,1975,2,68122249.32197131,39286428.56324169,8296755.868844995,32.0,15.0,14.0,21.11863096817064
PHL,Philippines,1975,2,41885194.78653588,27934716.314085107,1836760.207893834,1647.0,1135.0,347.0,6.575188332833406
PNG,Papua New Guinea,1975,2,2780267.1396073964,473599.48371254944,136458.48341367114,87.0,78.0,20.0,28.813055779531727
SLB,Solomon Islands,1975,2,194002.4593780024,15144.758429105512,705.27830083482,183.0,171.0,1.0,4.656913506651922
THA,Thailand,1975,2,40900942.64474412,18415185.775440957,6581605.444605621,928.0,673.0,401.0,35.74009800858511
TJK,Tajikistan,1975,2,3482898.175456548,2152582.5101310257,303289.6321322201,59.0,33.0,21.0,14.089570583464377
TKM,Turkmenistan,1975,2,2522492.1437661555,1394991.5493970036,358551.5085041756,58.0,39.0,22.0,25.70277279881461
TLS,Timor-Leste,1975,2,600089.3307885921,114465.23802930163,35164.20249987813,62.0,60.0,7.0,30.72042054451199
TON,Tonga,1975,2,92839.71133292746,57526.362776150956,8943.37919630483,11.0,7.0,2.0,15.546575108712661
TWN,"Taipei,China",1975,2,16546662.201135416,15350268.110257575,0.0,22.0,0.0,0.0,0.0
UZB,Uzbekistan,1975,2,13979986.380521175,10488960.462945256,466764.56240242644,161.0,51.0,33.0,4.4500555040833945
VNM,Viet Nam,1975,2,46938822.08994934,33366583.225363653,2511998.1613488365,710.0,288.0,168.0,7.528484844799265
VUT,Vanuatu,1975,2,101217.36526013292,9097.781145514686,98.5302258059382,63.0,61.0,1.0,1.0830138055641707
WSM,Samoa,1975,2,154463.19885100878,72398.36437219194,621.058756224811,43.0,28.0,1.0,0.8578353414616068
AFG,Afghanistan,1980,2,12488820.295638725,7746120.876359808,810391.8220788435,328.0,210.0,81.0,10.461905191178436
AZE,Azerbaijan,1980,2,6342933.89797062,4529462.151953378,495412.93982727337,79.0,34.0,29.0,10.937566607408815
BGD,Bangladesh,1980,2,83768612.35614863,74910669.73361282,375726.4136792779,64.0,3.0,3.0,0.5015659518402189
BRN,Brunei Darussalam,1980,2,187739.21628248098,123692.38492432653,5620.744732184337,39.0,22.0,2.0,4.544131585483649
BTN,Bhutan,1980,2,454559.46205148194,99561.35174703406,3663.068569764495,205.0,196.0,4.0,3.67920734852178
CHN,China,1980,2,987498361.5130042,744889188.9695238,16063232.253773391,368.0,38.0,33.0,2.156459308530869
FJI,Fiji,1980,2,640607.7510016158,280574.85465262394,44148.20776990801,15.0,13.0,4.0,15.73491246197644
FSM,Micronesia,1980,2,73505.31259289088,11538.4132052558,0.0,74.0,73.0,0.0,0.0
GEO,Georgia,1980,2,5144894.271290329,3375170.997603354,478363.76370916015,69.0,40.0,33.0,14.173023057167692
IDN,Indonesia,1980,2,147912344.74362314,120807816.4017762,4531405.228031412,502.0,169.0,115.0,3.75092056374987
IND,India,1980,2,696878419.125224,469969634.419261,58860232.64904211,676.0,258.0,240.0,12.52426291791711
KAZ,Kazakhstan,1980,2,14175813.315563561,9131621.875349134,1704505.268264659,174.0,110.0,98.0,18.665964179550414
KGZ,Kyrgyz Republic,1980,2,3596279.385748929,2572514.6336810496,171031.0406446527,44.0,18.0,11.0,6.648399134659997
KHM,Cambodia,1980,2,6200201.143605432,2266123.471723846,761220.7052575918,202.0,155.0,69.0,33.59131639365304
LAO,Lao PDR,1980,2,3303840.882644397,593452.2276766638,207110.5701172862,142.0,133.0,31.0,34.89928261422388
LKA,Sri Lanka,1980,2,14922127.234047301,11081679.749661488,473548.43578940176,323.0,121.0,66.0,4.273255016270139
MMR,Myanmar,1980,2,33465486.500049107,27263923.401043013,2197702.9477522885,63.0,39.0,34.0,8.060846252481083
MNG,Mongolia,1980,2,1697770.7638987836,871456.2787971996,1082.9960722783583,327.0,297.0,5.0,0.12427428645911301
MYS,Malaysia,1980,2,13208955.834977457,9034469.160325537,771908.8013024776,144.0,68.0,50.0,8.544041576812063
NPL,Nepal,1980,2,15601651.418228835,8770699.868555421,2688988.515137857,14.0,10.0,10.0,30.658767891241805
PAK,Pakistan,1980,2,80618702.36453195,49044416.055332415,8795997.4093778,32.0,13.0,13.0,17.934758157695395
PHL,Philippines,1980,2,47881448.506374955,32911790.99193217,2158677.3582662656,1647.0,1020.0,376.0,6.558978691847651
PNG,Papua New Guinea,1980,2,3088740.7697902275,563696.9242625522,170759.15823070044,87.0,78.0,21.0,30.292724845730444
SLB,Solomon Islands,1980,2,229165.27260988488,23129.71395749552,623.980645372765,183.0,170.0,1.0,2.697744756028662
THA,Thailand,1980,2,45727703.60167546,20739405.08940528,7102755.680363356,928.0,673.0,433.0,34.24763463437915
TJK,Tajikistan,1980,2,4046677.870248945,2637931.599209801,348149.521130531,59.0,30.0,20.0,13.197822158649606
TKM,Turkmenistan,1980,2,2858392.462966089,1664392.4777310882,275570.1417948399,58.0,33.0,19.0,16.556800483170836
TLS,Timor-Leste,1980,2,642170.3974356472,144012.68233624747,52144.602518178515,62.0,60.0,10.0,36.20834059352418
TON,Tonga,1980,2,96076.63085939185,54617.30872745441,9661.29430438206,11.0,8.0,2.0,17.689070606889185
TWN,"Taipei,China",1980,2,18093569.628229976,16848973.15563097,79146.0100450376,22.0,1.0,1.0,0.46973788440387426
UZB,Uzbekistan,1980,2,16038412.93303229,12175093.231552813,489933.17116465577,161.0,47.0,34.0,4.0240609402066125
VNM,Viet Nam,1980,2,52933033.39185468,39179410.225237004,2374825.6459820615,710.0,258.0,158.0,6.061412441712414
VUT,Vanuatu,1980,2,117216.24262899374,13588.659554684531,557.042517671129,63.0,59.0,1.0,4.099319108183081
WSM,Samoa,1980,2,164011.82049839816,82722.3747305422,3966.135061678006,43.0,28.0,4.0,4.794513062030914
AFG,Afghanistan,1985,2,10515361.279968414,6166299.976519927,619102.9056892096,328.0,218.0,70.0,10.04010359610517
AZE,Azerbaijan,1985,2,6848139.37222861,4931833.540588045,530404.4399832861,79.0,32.0,28.0,10.754710912648598
BGD,Bangladesh,1985,2,95786967.11136372,88683317.9320131,245416.81684156138,64.0,2.0,2.0,0.2767339140713073
BRN,Brunei Darussalam,1985,2,221822.70530344747,147197.96497372622,1528.2505830093291,39.0,21.0,2.0,1.0382280646896926
BTN,Bhutan,1985,2,523354.8881919157,118848.30416662309,4358.954062215979,205.0,195.0,6.0,3.66766197698943
CHN,China,1985,2,1065812884.3416361,821031698.5893055,18902528.110782493,368.0,38.0,33.0,2.3022896854361123
FJI,Fiji,1985,2,722710.5219644328,333194.114532436,56683.23898568752,15.0,13.0,6.0,17.012076898546024
FSM,Micronesia,1985,2,84600.81619127812,19228.07488967077,1043.84432091005,74.0,72.0,1.0,5.42875106790227
GEO,Georgia,1985,2,5337592.989649568,3531167.0907396763,462098.4671629776,69.0,39.0,33.0,13.086281540593466
IDN,Indonesia,1985,2,165447079.1614323,136019531.8724741,6517788.736409889,502.0,180.0,135.0,4.791803534892826
IND,India,1985,2,780283522.8513374,546872544.355706,61513287.67868707,676.0,232.0,215.0,11.248194540678307
KAZ,Kazakhstan,1985,2,15417137.338567227,9996590.913009776,1670731.6578684843,174.0,102.0,92.0,16.713014190609307
KGZ,Kyrgyz Republic,1985,2,3963642.7611687738,2844944.473498637,172726.45449698134,44.0,17.0,10.0,6.0713471249077475
KHM,Cambodia,1985,2,7376034.523949264,3341086.845432023,897495.0182552916,202.0,141.0,64.0,26.86236724083836
LAO,Lao PDR,1985,2,3748205.4019272327,730427.4887343268,297806.1316693898,142.0,133.0,42.0,40.77148468021426
LKA,Sri Lanka,1985,2,16067861.456137491,12241598.598913303,580657.5853268406,323.0,114.0,71.0,4.743315022421877
MMR,Myanmar,1985,2,36876009.139828935,28210505.965524822,3114061.393084281,63.0,34.0,30.0,11.038658423531567
MNG,Mongolia,1985,2,1919726.3487221072,1021437.9007182947,1175.2293559992681,327.0,292.0,5.0,0.1150563685930221
MYS,Malaysia,1985,2,15098900.891445361,10533783.43768996,900215.5966713341,144.0,69.0,51.0,8.545985419164358
NPL,Nepal,1985,2,17541846.52706869,10245672.181225287,2564374.4158899086,14.0,8.0,8.0,25.028854823102815
PAK,Pakistan,1985,2,97115220.46418081,63508270.74362153,4404457.388682285,32.0,8.0,8.0,6.9352500660312
PHL,Philippines,1985,2,54243390.64449787,38680960.49861892,2622878.129032339,1647.0,890.0,411.0,6.780798861305388
PNG,Papua New Guinea,1985,2,3429538.355096307,710341.8109671987,246233.8009999088,87.0,78.0,26.0,34.664128902202414
SLB,Solomon Islands,1985,2,271716.5466616014,32441.943491574726,803.573323855176,183.0,170.0,1.0,2.4769580283125348
THA,Thailand,1985,2,50582474.615594,23413154.28686766,7783043.244290824,928.0,659.0,451.0,33.242181505873816
TJK,Tajikistan,1985,2,4661072.587247312,3247733.160174973,230777.4635217142,59.0,24.0,16.0,7.1058012509032915
TKM,Turkmenistan,1985,2,3240905.418446729,1972483.6829428193,352916.46847111825,58.0,33.0,22.0,17.891984178271603
TLS,Timor-Leste,1985,2,682004.1626728853,169296.8994397945,62705.860372756135,62.0,60.0,11.0,37.03898924330604
TON,Tonga,1985,2,96446.87756907094,55202.41592546269,9797.70463994611,11.0,8.0,2.0,17.748688124765238
TWN,"Taipei,China",1985,2,19503154.552172344,18212495.562232584,11055.4557816386,22.0,1.0,1.0,0.060702586001252896
UZB,Uzbekistan,1985,2,18160112.53156233,14000445.721654648,532990.3694306005,161.0,43.0,33.0,3.8069528644092974
VNM,Viet Nam,1985,2,59769336.95344491,46180541.33642741,2554791.476388473,710.0,222.0,151.0,5.532181742471785
VUT,Vanuatu,1985,2,132047.75265065389,17702.762134804692,642.929864158854,63.0,59.0,1.0,3.6318053604460703
WSM,Samoa,1985,2,165585.5056333913,84790.6090387012,3930.2594822696383,43.0,28.0,4.0,4.635253274894794
AFG,Afghanistan,1990,2,10698382.762993794,6341504.245803045,676605.527911758,328.0,216.0,76.0,10.669480011143277
AZE,Azerbaijan,1990,2,7382055.856378833,5401556.575512917,472226.01279893547,79.0,27.0,23.0,8.742406123073778
BGD,Bangladesh,1990,2,106964000.39142843,100936144.66339253,287277.69799664686,64.0,2.0,2.0,0.2846133057238084
BRN,Brunei Darussalam,1990,2,261482.09936545085,185978.3545989517,775.964080472477,39.0,20.0,1.0,0.4172335442722811
BTN,Bhutan,1990,2,596968.3466509652,145706.42482229212,4801.747613582762,205.0,194.0,5.0,3.2954947727522077
CHN,China,1990,2,1159727486.8677425,915660262.1089987,16522439.559399137,368.0,33.0,29.0,1.8044290271310621
FJI,Fiji,1990,2,774577.6376284417,367686.8451022161,60972.26757794473,15.0,13.0,5.0,16.582662227416535
FSM,Micronesia,1990,2,94661.5283563535,27048.39727910041,1297.4185112901,74.0,70.0,1.0,4.79665577927821
GEO,Georgia,1990,2,5389991.171203144,3554342.312417085,461485.87015909154,69.0,40.0,33.0,12.983720463470611
IDN,Indonesia,1990,2,181725731.5516849,150821343.98386666,6994422.774587792,502.0,175.0,141.0,4.6375549970805094
IND,India,1990,2,870481002.4904336,633263105.9804462,62195136.98606912,676.0,214.0,198.0,9.821373833199367
KAZ,Kazakhstan,1990,2,16871005.734567724,11062295.71870587,1754759.5716657378,174.0,99.0,92.0,15.862526335275183
KGZ,Kyrgyz Republic,1990,2,4288857.490482067,3095692.6724123457,213114.0723445345,44.0,16.0,12.0,6.88421283687904
KHM,Cambodia,1990,2,8909177.699421506,4767580.670038151,1198652.5703307393,202.0,127.0,68.0,25.141736517719952
LAO,Lao PDR,1990,2,4321428.079228671,876811.4371795261,388752.52044048416,142.0,133.0,44.0,44.33707225478259
LKA,Sri Lanka,1990,2,17174531.447257195,13429694.37693342,573890.9254002608,323.0,103.0,63.0,4.27329847793085
MMR,Myanmar,1990,2,40087607.96011122,28963289.032685455,3958378.2539987313,63.0,29.0,27.0,13.666881028365422
MNG,Mongolia,1990,2,2161404.300625279,1174244.147884688,1686.962684526108,327.0,290.0,5.0,0.14366370805977985
MYS,Malaysia,1990,2,17504428.462175608,12526665.357526222,935262.5990687673,144.0,66.0,49.0,7.466173737185742
NPL,Nepal,1990,2,19617707.629571278,11878063.977390144,1268802.8715629585,14.0,5.0,5.0,10.681899625882808
PAK,Pakistan,1990,2,115406457.8978067,81567200.59948042,2601510.6384980595,32.0,7.0,7.0,3.189407775892987
PHL,Philippines,1990,2,60922600.3493699,44867107.15670182,2871061.286746809,1647.0,773.0,398.0,6.399033654475219
PNG,Papua New Guinea,1990,2,3844198.312573789,890575.2199810977,320092.78087952925,87.0,77.0,31.0,35.94225099664497
SLB,Solomon Islands,1990,2,317592.7616223396,40963.059697414625,1026.34037073655,183.0,170.0,1.0,2.505526633796175
THA,Thailand,1990,2,55213408.14583687,26370007.437140327,8191850.568445181,928.0,647.0,467.0,31.065029420156808
TJK,Tajikistan,1990,2,5418209.266836806,3954411.038839614,242719.03119384983,59.0,22.0,16.0,6.1379312572694396
TKM,Turkmenistan,1990,2,3712563.143945574,2334808.073836955,415318.1880491041,58.0,32.0,21.0,17.788108269069948
TLS,Timor-Leste,1990,2,757935.6932204459,221045.48644989653,85239.70744766643,62.0,59.0,14.0,38.562066485346385
TON,Tonga,1990,2,98121.52484425346,56670.81916461187,10145.58354268456,11.0,8.0,2.0,17.90265906200272
TWN,"Taipei,China",1990,2,20575322.00373147,19313828.09506377,7889.36772574484,22.0,1.0,1.0,0.040848285937479197
UZB,Uzbekistan,1990,2,20680082.319758255,16293531.585777119,388257.485405016,161.0,33.0,26.0,2.3828933792593627
VNM,Viet Nam,1990,2,66862883.40534353,53628947.065267995,2323302.887375587,710.0,186.0,135.0,4.332180686948897
VUT,Vanuatu,1990,2,149641.79492526347,30016.67840206828,1643.5068750428009,63.0,58.0,2.0,5.475312268160744
WSM,Samoa,1990,2,167180.26533440192,87433.08421390742,3904.039155999667,43.0,28.0,4.0,4.465173785301144
AFG,Afghanistan,1995,2,16421462.478299078,11035958.823890267,937223.5083940797,328.0,169.0,92.0,8.4924520229743
AZE,Azerbaijan,1995,2,7842045.325539187,5811803.9813213125,509143.5732887649,79.0,26.0,22.0,8.760508353776434
BGD,Bangladesh,1995,2,117592197.04464677,111907306.09479986,334913.794631011,64.0,2.0,2.0,0.2992778633660398
BRN,Brunei Darussalam,1995,2,298592.55548441765,224805.21536082556,4671.24964303337,39.0,19.0,1.0,2.07790981874497
BTN,Bhutan,1995,2,563468.6362160384,150553.56163103363,4954.763946335766,205.0,195.0,5.0,3.2910307087112045
CHN,China,1995,2,1224556368.5256996,984974947.869537,13548519.787299816,368.0,27.0,23.0,1.3755192268193972
FJI,Fiji,1995,2,786461.4403864635,385791.5458849076,60489.59958374497,15.0,13.0,5.0,15.679348142530502
FSM,Micronesia,1995,2,105865.70802533448,30689.6005342028,1381.82288071699,74.0,70.0,1.0,4.502576953313493
GEO,Georgia,1995,2,4876111.160557076,3143744.2155855866,433212.2038148367,69.0,43.0,31.0,13.780135217971035
IDN,Indonesia,1995,2,197650701.65591642,165484751.54338866,7068163.239685134,502.0,159.0,133.0,4.271187027060873
IND,India,1995,2,964318756.1258434,727140640.2841285,54853911.05771543,676.0,179.0,164.0,7.54378286933342
KAZ,Kazakhstan,1995,2,16438550.448310122,11100389.888422193,1487536.604005677,174.0,91.0,85.0,13.400759963910735
KGZ,Kyrgyz Republic,1995,2,4487293.03757862,3322015.701175249,246650.3800376194,44.0,16.0,14.0,7.424720477701548
KHM,Cambodia,1995,2,10918800.9227712,6669735.72214526,978300.4262139511,202.0,101.0,53.0,14.667753970606944
LAO,Lao PDR,1995,2,4933894.591679446,1084896.7533847906,511969.9649335686,142.0,131.0,50.0,47.19066246039206
LKA,Sri Lanka,1995,2,18146395.394546565,14372687.92294118,635388.9777787189,323.0,100.0,67.0,4.420808280158462
MMR,Myanmar,1995,2,42863928.89802806,30010889.233155586,4235442.883457504,63.0,22.0,21.0,14.113020279246674
MNG,Mongolia,1995,2,2330280.3185606254,1318833.700806017,2269.056107638401,327.0,285.0,5.0,0.1720502066524117
MYS,Malaysia,1995,2,20122600.571928423,14964185.516834337,913158.8094133836,144.0,60.0,46.0,6.102295433226905
NPL,Nepal,1995,2,22306688.593236424,14141664.38597584,501516.3116653863,14.0,3.0,3.0,3.5463740191906656
PAK,Pakistan,1995,2,133108769.79638003,99448076.68874836,3312476.442468931,32.0,7.0,7.0,3.3308602365798268
PHL,Philippines,1995,2,68625715.67511967,52148419.06007501,3079562.5903694606,1647.0,669.0,393.0,5.905380538615759
PNG,Papua New Guinea,1995,2,4592144.734484524,1181508.89174535,490572.0809664996,87.0,76.0,38.0,41.52081159895598
SLB,Solomon Islands,1995,2,367677.26752861135,49548.46253857344,1314.95885927277,183.0,170.0,1.0,2.6538842819776205
THA,Thailand,1995,2,59406880.229195595,29726151.99209137,8214830.584161616,928.0,624.0,476.0,27.635028530928484
TJK,Tajikistan,1995,2,5916853.96200159,4461882.025326815,223375.22656017847,59.0,19.0,13.0,5.006300598990335
TKM,Turkmenistan,1995,2,4218319.995371103,2824938.287070861,321090.25820021564,58.0,28.0,17.0,11.366275138461507
TLS,Timor-Leste,1995,2,819033.3897842898,244062.66972614263,76905.6345534772,62.0,57.0,12.0,31.51060940199143
TON,Tonga,1995,2,99394.73215210525,58551.09564396462,10062.40876314137,11.0,8.0,2.0,17.185688247968066
TWN,"Taipei,China",1995,2,21443271.748475954,20228925.43941453,7352.01505941153,22.0,1.0,1.0,0.036344071173878
UZB,Uzbekistan,1995,2,23130747.624707762,18798233.40431902,381482.837371651,161.0,28.0,22.0,2.02935472268369
VNM,Viet Nam,1995,2,73709003.33584899,60905066.14452108,2089889.8832405035,710.0,154.0,115.0,3.4313892349799318
VUT,Vanuatu,1995,2,169199.0229388651,36899.6777846262,685.0399964679959,63.0,57.0,2.0,1.856493166326264
WSM,Samoa,1995,2,173832.063019898,92888.22507975018,4066.15474387352,43.0,28.0,4.0,4.377470600156779
AFG,Afghanistan,2000,2,19545211.011013392,13970877.248180443,945328.2753268078,328.0,138.0,84.0,6.76642030800125
AZE,Azerbaijan,2000,2,8142003.407820272,6129661.646836789,565466.3512588544,79.0,26.0,22.0,9.225082620191005
BGD,Bangladesh,2000,2,128974525.16223873,123710200.23124556,131539.374466459,64.0,1.0,1.0,0.10632864082394075
BRN,Brunei Darussalam,2000,2,333341.5802400382,252741.70963717139,0.0,39.0,18.0,0.0,0.0
BTN,Bhutan,2000,2,619779.0707980216,183065.41606944334,13939.899473180994,205.0,193.0,9.0,7.614709415072198
CHN,China,2000,2,1270947618.8129022,1036448286.8468914,10127556.570548471,368.0,24.0,20.0,0.9771405577174308
FJI,Fiji,2000,2,826573.3063547098,415115.98587535525,59465.94965394675,15.0,13.0,5.0,14.32514084673248
FSM,Micronesia,2000,2,107210.60251755272,33948.984550843445,1563.822035406715,74.0,70.0,2.0,4.60638825018365
GEO,Georgia,2000,2,4263740.592590554,2720057.8370523425,358195.8408332108,69.0,45.0,27.0,13.168684722578492
IDN,Indonesia,2000,2,213526877.39401463,180030072.89340982,7338187.46103536,502.0,146.0,130.0,4.0760898127170515
IND,India,2000,2,1059684926.9163172,822859476.2097697,44893871.16081913,676.0,147.0,132.0,5.455836927054412
KAZ,Kazakhstan,2000,2,15240512.461610302,10528606.519716373,1282966.428674365,174.0,92.0,82.0,12.185529265167434
KGZ,Kyrgyz Republic,2000,2,4820137.18118251,3590970.325132159,130943.25681218706,44.0,12.0,10.0,3.646458894292532
KHM,Cambodia,2000,2,12120296.642099986,7761422.905971093,914741.9818522556,202.0,97.0,52.0,11.78575105279365
LAO,Lao PDR,2000,2,5436675.926632744,1287057.0097814812,640460.2024111948,142.0,130.0,53.0,49.7616032191094
LKA,Sri Lanka,2000,2,18743650.11173035,14991686.856967764,603439.4254175504,323.0,93.0,60.0,4.025160284995459
MMR,Myanmar,2000,2,45518424.23228306,31652906.80642123,3807746.275531624,63.0,17.0,17.0,12.029689086119477
MNG,Mongolia,2000,2,2450903.435941073,1430424.9360626878,4014.195808083291,327.0,285.0,5.0,0.28062960221684574
MYS,Malaysia,2000,2,22928845.550464045,17656807.911111455,875243.1637796547,144.0,57.0,42.0,4.956972790245188
NPL,Nepal,2000,2,24560751.41079012,16337836.440756708,974443.074342465,14.0,3.0,3.0,5.96433363668398
PAK,Pakistan,2000,2,154359757.4604235,121251816.30657516,4201679.096537819,32.0,7.0,7.0,3.465250438735055
PHL,Philippines,2000,2,77316996.32759078,60407534.26569136,3024325.906134846,1647.0,551.0,357.0,5.006537583263883
PNG,Papua New Guinea,2000,2,5479874.626151911,1538039.2967002825,602950.6655458369,87.0,72.0,39.0,39.20255268115778
SLB,Solomon Islands,2000,2,421501.2488760739,65421.285073475665,3437.5177345464444,183.0,169.0,4.0,5.254433218004988
THA,Thailand,2000,2,63045319.9435657,33461730.00280898,7713003.693834308,928.0,609.0,467.0,23.050223922035205
TJK,Tajikistan,2000,2,6273918.446134316,4823232.250781072,236695.8903475465,59.0,18.0,13.0,4.907412250554927
TKM,Turkmenistan,2000,2,4560606.948356038,3146083.586522909,300614.1841950308,58.0,27.0,16.0,9.555187455374424
TLS,Timor-Leste,2000,2,878145.893198852,280473.2235199217,90305.8051077993,62.0,56.0,13.0,32.19765650869163
TON,Tonga,2000,2,102035.79179204543,61549.572622398424,10405.73015223583,11.0,8.0,2.0,16.90625898586515
TWN,"Taipei,China",2000,2,22181081.103908625,20968844.73854919,6715.50863452256,22.0,1.0,1.0,0.03202612598955796
UZB,Uzbekistan,2000,2,25035985.146802206,20754970.772640668,386001.0075726121,161.0,27.0,21.0,1.8598002945946859
VNM,Viet Nam,2000,2,78951209.251717,66389190.37134072,1829988.5198986514,710.0,130.0,102.0,2.7564555459447684
VUT,Vanuatu,2000,2,190470.78202996432,44431.03973285789,775.1294953459877,63.0,57.0,2.0,1.7445675365835736
WSM,Samoa,2000,2,182839.68167892727,100913.1837563192,4290.828117617412,43.0,28.0,4.0,4.251999548422453
AFG,Afghanistan,2005,2,24412584.16098784,18468662.789242815,989092.9059907132,328.0,109.0,71.0,5.35551987319199
AZE,Azerbaijan,2005,2,8607301.956394877,6550509.341008021,501717.05747370765,79.0,23.0,20.0,7.659206809046413
BGD,Bangladesh,2005,2,140673783.21720397,135758452.36632478,161512.87193355162,64.0,1.0,1.0,0.11897076691603128
BRN,Brunei Darussalam,2005,2,366016.3362549412,282337.92372591875,0.0,39.0,18.0,0.0,0.0
BTN,Bhutan,2005,2,697368.1413840944,221956.01967985867,12829.33208624529,205.0,190.0,10.0,5.780123514897165
CHN,China,2005,2,1311715463.9035082,1079580207.1898508,8384955.101952642,368.0,21.0,17.0,0.7766866274603806
FJI,Fiji,2005,2,868749.7464273776,444795.7754008455,61517.7087580995,15.0,13.0,5.0,13.83055149358385
FSM,Micronesia,2005,2,106553.94859304956,34993.08265799824,1600.55262145866,74.0,70.0,2.0,4.573911470165455
GEO,Georgia,2005,2,3959743.649065241,2529227.661764607,355062.0523023703,69.0,47.0,27.0,14.038358731797535
IDN,Indonesia,2005,2,228196692.35001928,193313276.28485495,7170929.869671555,502.0,131.0,121.0,3.709486491297628
IND,India,2005,2,1154699294.0994124,914379402.8569863,40428944.84541082,676.0,134.0,120.0,4.4214627668876
KAZ,Kazakhstan,2005,2,15660769.78645406,11161549.950371945,1188210.9481425036,174.0,92.0,79.0,10.645573002187819
KGZ,Kyrgyz Republic,2005,2,5075269.68483501,3796283.251948277,134865.34643126008,44.0,12.0,10.0,3.5525627957831207
KHM,Cambodia,2005,2,13248467.857163385,8606448.10747318,926684.6803019302,202.0,91.0,53.0,10.767330131198586
LAO,Lao PDR,2005,2,5858636.45746164,1471858.256317456,586107.9645323544,142.0,126.0,51.0,39.82095164508425
LKA,Sri Lanka,2005,2,19640077.779718775,15881397.310371188,620044.2224799128,323.0,88.0,59.0,3.904217055730978
MMR,Myanmar,2005,2,47702140.86594603,33020522.205930848,3882086.7035233844,63.0,15.0,15.0,11.7565878556158
MNG,Mongolia,2005,2,2559166.588471637,1559560.9701901153,4414.600545647091,327.0,289.0,5.0,0.28306687779631584
MYS,Malaysia,2005,2,25902377.83355226,20365430.174006887,918092.68380963,144.0,54.0,42.0,4.508093744965053
NPL,Nepal,2005,2,26286622.077564698,18134080.611789282,897772.2985570888,14.0,2.0,2.0,4.950746154582722
PAK,Pakistan,2005,2,174359596.07606742,141462608.5948977,1999790.3612190268,32.0,5.0,5.0,1.413652965318749
PHL,Philippines,2005,2,85600105.10198244,68353472.00080599,2973068.4895285456,1647.0,469.0,323.0,4.349550070395091
PNG,Papua New Guinea,2005,2,6465956.308070111,2086588.4861140936,645778.0624760176,87.0,66.0,38.0,30.94899002719345
SLB,Solomon Islands,2005,2,473148.03341510333,78727.87746250036,6686.656591014003,183.0,169.0,4.0,8.49337846584139
THA,Thailand,2005,2,65798301.04877895,36427397.37761989,7443886.794908635,928.0,601.0,463.0,20.43485763680163
TJK,Tajikistan,2005,2,6930383.611838761,5481746.357158296,195687.56280217596,59.0,16.0,11.0,3.5698033081490332
TKM,Turkmenistan,2005,2,4877256.665658116,3437973.333761336,297058.89566336304,58.0,26.0,15.0,8.640523553403014
TLS,Timor-Leste,2005,2,969065.1429431058,325537.5856909624,86499.42638340217,62.0,55.0,13.0,26.571256341968862
TON,Tonga,2005,2,105070.23569950319,59907.170488080454,10553.53986992315,11.0,9.0,2.0,17.61648861720644
TWN,"Taipei,China",2005,2,22780588.51615935,21566506.56164784,6175.41432958841,22.0,1.0,1.0,0.028634282107470644
UZB,Uzbekistan,2005,2,26686309.987602998,22380369.008304674,439372.0172209045,161.0,28.0,22.0,1.9632027383367403
VNM,Viet Nam,2005,2,83088397.95538288,70585207.18827555,1924507.626912795,710.0,122.0,100.0,2.7265027667616772
VUT,Vanuatu,2005,2,215796.46657564252,55746.24799683622,1255.2870513084351,63.0,57.0,3.0,2.251787512909706
WSM,Samoa,2005,2,187409.90204441565,104289.892350863,2947.774396823717,43.0,27.0,3.0,2.8265197425906865
AFG,Afghanistan,2010,2,28190398.89814857,22088872.42551984,719260.6642719673,328.0,84.0,52.0,3.25621267766021
AZE,Azerbaijan,2010,2,9185919.441194553,7084209.617859858,555765.5915177547,79.0,23.0,20.0,7.845131941277193
BGD,Bangladesh,2010,2,148140721.5603744,143607906.8784054,192713.1263720204,64.0,1.0,1.0,0.13419395252045072
BRN,Brunei Darussalam,2010,2,395246.76854146883,319207.0593302433,5128.68114698771,39.0,17.0,2.0,1.6066941494804818
BTN,Bhutan,2010,2,740485.4502503772,237140.62561992166,12156.386690989606,205.0,190.0,11.0,5.126235396913104
CHN,China,2010,2,1354980182.2912674,1124116694.8641138,6516816.887815905,368.0,18.0,14.0,0.5797277913930168
FJI,Fiji,2010,2,898829.4098523728,481070.76903159556,73153.68915168568,15.0,13.0,7.0,15.206429877031487
FSM,Micronesia,2010,2,103382.16697367362,34257.67966344858,1633.167656350882,74.0,70.0,2.0,4.767303776540941
GEO,Georgia,2010,2,3835290.336682048,2471250.427535272,316682.8811573682,69.0,47.0,25.0,12.814681896614388
IDN,Indonesia,2010,2,243341166.7759905,207237843.99913,7148239.780716677,502.0,118.0,108.0,3.449292678776703
IND,India,2010,2,1240676329.2047222,998164551.4216781,34561864.46560458,676.0,121.0,108.0,3.4625417639184226
KAZ,Kazakhstan,2010,2,16632579.662165308,12207962.618915277,992693.1475061856,174.0,88.0,74.0,8.131521847618421
KGZ,Kyrgyz Republic,2010,2,5363465.827274012,4038489.5911574727,209929.95849580207,44.0,14.0,13.0,5.198229530056408
KHM,Cambodia,2010,2,14366127.154330673,9396703.086531658,1010487.0610801049,202.0,86.0,54.0,10.753634032860324
LAO,Lao PDR,2010,2,6329104.359189836,1677216.5989471886,735547.4315149673,142.0,124.0,57.0,43.85524397842714
LKA,Sri Lanka,2010,2,20633445.759928413,16944064.9827245,661133.6585820735,323.0,86.0,57.0,3.9018597913554944
MMR,Myanmar,2010,2,49366870.90330826,34228551.446863316,3566211.5340057365,63.0,13.0,13.0,10.418821081406126
MNG,Mongolia,2010,2,2702420.844281784,1741632.4790647966,4171.953526982572,327.0,292.0,5.0,0.2395427035916776
MYS,Malaysia,2010,2,28690900.14651745,23006712.804026112,835675.2583290827,144.0,49.0,38.0,3.632310558433371
NPL,Nepal,2010,2,27163472.74443173,19117125.511953555,751250.3191723324,14.0,2.0,2.0,3.9297242605986487
PAK,Pakistan,2010,2,194438234.61001486,162074014.04038763,1847147.08530921,32.0,3.0,3.0,1.1396935506569947
PHL,Philippines,2010,2,93945255.86551258,76474706.26025052,3023164.0952297417,1647.0,420.0,302.0,3.953155550466103
PNG,Papua New Guinea,2010,2,7545914.480651721,2801552.633769133,915817.7170774793,87.0,64.0,43.0,32.68964880539699
SLB,Solomon Islands,2010,2,530142.7335723876,95868.08929813937,10514.613246505149,183.0,168.0,4.0,10.9677926445429
THA,Thailand,2010,2,68245276.87122837,39045860.09200458,7307351.089428962,928.0,609.0,462.0,18.71479094636537
TJK,Tajikistan,2010,2,7623205.2855520705,6146748.303874219,248084.22971065613,59.0,16.0,12.0,4.03602388525152
TKM,Turkmenistan,2010,2,5259382.861837849,3772477.9675677805,295522.9266065658,58.0,25.0,14.0,7.833655468559237
TLS,Timor-Leste,2010,2,1088188.5764156783,424450.0929558819,99031.05847583528,62.0,53.0,14.0,23.33161427440864
TON,Tonga,2010,2,106832.30238069914,62308.24571627003,10536.054462585129,11.0,9.0,2.0,16.90956685020894
TWN,"Taipei,China",2010,2,23064846.41467192,21838186.963000122,5466.10589896701,22.0,1.0,1.0,0.025030035269082058
UZB,Uzbekistan,2010,2,28729204.456856653,24326695.010278262,401121.84005870874,161.0,26.0,23.0,1.6488957496660803
VNM,Viet Nam,2010,2,87353896.7681982,74739735.48867212,1685230.4477655096,710.0,108.0,90.0,2.2547985174779357
VUT,Vanuatu,2010,2,243350.8918276279,66820.90623577431,1498.6108605132904,63.0,57.0,3.0,2.242727530850173
WSM,Samoa,2010,2,193392.44521590712,107968.95314878561,3023.848966700021,43.0,27.0,3.0,2.8006652639606813
AFG,Afghanistan,2015,2,33753090.25125032,27640082.685656693,528651.6810535465,328.0,62.0,42.0,1.9126269883696132
AZE,Azerbaijan,2015,2,9810689.794593086,7647920.215337075,364481.9990699448,79.0,19.0,16.0,4.765766231962195
BGD,Bangladesh,2015,2,157560624.70923167,153563865.04679874,0.0,64.0,0.0,0.0,0.0
BRN,Brunei Darussalam,2015,2,420465.6143496719,343950.8710543912,5283.606234512759,39.0,17.0,2.0,1.536151432998473
BTN,Bhutan,2015,2,778698.9066747684,250052.21492084785,12996.910755090179,205.0,189.0,11.0,5.197678716504972
CHN,China,2015,2,1400563187.7443218,1168960588.8953028,6539678.106401096,368.0,16.0,12.0,0.5594438485373795
FJI,Fiji,2015,2,910820.168267387,490964.5456743531,72237.25063607562,15.0,13.0,7.0,14.713333431613846
FSM,Micronesia,2015,2,105203.99389402855,29363.65717514156,1674.5094108227631,74.0,72.0,2.0,5.702659586423572
GEO,Georgia,2015,2,3769462.106772299,2443791.077641825,299087.35083060415,69.0,48.0,24.0,12.238662853258848
IDN,Indonesia,2015,2,258342884.3448475,221155937.8600421,7020104.937739279,502.0,102.0,94.0,3.1742782968739154
IND,India,2015,2,1322935610.2782536,1081395494.3036692,31048762.396539282,676.0,105.0,93.0,2.8711754913064587
KAZ,Kazakhstan,2015,2,17840967.676171895,13414509.062558629,1002112.4060311269,174.0,90.0,75.0,7.47036213817271
KGZ,Kyrgyz Republic,2015,2,5790959.882370187,4393685.489600858,171428.3696148427,44.0,12.0,11.0,3.9016986996585414
KHM,Cambodia,2015,2,15420799.275817268,10200943.11578643,1067042.7557363042,202.0,83.0,61.0,10.460236309768323
LAO,Lao PDR,2015,2,6792830.563191971,1853480.1451593305,932104.2144294062,142.0,125.0,61.0,50.28940918864172
LKA,Sri Lanka,2015,2,21300579.346869167,17675264.48292705,527559.0420943311,323.0,79.0,51.0,2.9847306817044386
MMR,Myanmar,2015,2,51456140.62618525,35709076.17680055,3620415.12716195,63.0,10.0,10.0,10.138641249739356
MNG,Mongolia,2015,2,2964642.5276095765,1999969.5342812287,5136.524382245734,327.0,290.0,5.0,0.25683013136956384
MYS,Malaysia,2015,2,31037077.706995834,25288309.89988771,797143.5369971732,144.0,48.0,36.0,3.152221481597364
NPL,Nepal,2015,2,27612786.59770201,19651238.823416766,784030.0358219034,14.0,3.0,3.0,3.9897232071071227
PAK,Pakistan,2015,2,210951763.30260336,179624576.97759792,1876220.974091172,32.0,3.0,3.0,1.0445235310562022
PHL,Philippines,2015,2,102303135.65740716,84838547.0006396,3126350.461344406,1647.0,387.0,281.0,3.685058940626171
PNG,Papua New Guinea,2015,2,8640447.595366668,3609400.4843537374,927429.7965665741,87.0,60.0,45.0,25.69484324576496
SLB,Solomon Islands,2015,2,601139.4250707873,117506.9252676586,12734.286139244212,183.0,167.0,5.0,10.83705161226703
THA,Thailand,2015,2,70268539.25177425,41462824.45633667,7110308.458888048,928.0,614.0,456.0,17.148635077612028
TJK,Tajikistan,2015,2,8525617.069126088,6991374.299462337,221557.67684564693,59.0,14.0,11.0,3.1690146651522513
TKM,Turkmenistan,2015,2,5757592.636854456,4250643.280419259,254437.55465349116,58.0,23.0,13.0,5.985859971491065
TLS,Timor-Leste,2015,2,1205450.3603762363,523780.9976808529,106443.44876904425,62.0,52.0,14.0,20.322128759986388
TON,Tonga,2015,2,105597.0803611828,62794.28110694039,10204.81171352649,11.0,9.0,2.0,16.251180097352197
TWN,"Taipei,China",2015,2,23491796.24860554,22234510.45065107,5025.21751108579,22.0,1.0,1.0,0.02260098112903872
UZB,Uzbekistan,2015,2,31067588.63546163,26466039.08697765,444969.1844220215,161.0,26.0,23.0,1.6812836365867991
VNM,Viet Nam,2015,2,92131217.13067697,79472335.54163319,1725511.6233278466,710.0,105.0,86.0,2.1712104112303363
VUT,Vanuatu,2015,2,274004.6103018738,78672.57812531517,2295.290365517135,63.0,57.0,3.0,2.9175227508891806
WSM,Samoa,2015,2,202207.4662989317,114287.75330791467,3158.291333390395,43.0,27.0,3.0,2.763455612677335
AFG,Afghanistan,2020,2,38970575.48632694,32870843.686884962,530183.0611916925,328.0,52.0,35.0,1.6129280594134205
AZE,Azerbaijan,2020,2,10231517.842628963,8088224.597234095,308052.4806416683,79.0,16.0,13.0,3.8086538886050723
BGD,Bangladesh,2020,2,167132311.58332768,163800300.33245054,0.0,64.0,0.0,0.0,0.0
BRN,Brunei Darussalam,2020,2,440444.07278824627,361260.4055521908,109.139922174625,39.0,16.0,1.0,0.030210872959576997
BTN,Bhutan,2020,2,807803.0467996845,250580.77295137467,17225.919639649816,205.0,187.0,11.0,6.874397998202565
CHN,China,2020,2,1431818674.7187285,1198459179.6050506,9688863.361070711,368.0,20.0,16.0,0.808443335071592
FJI,Fiji,2020,2,913970.9663046107,498397.6308206703,70569.13008317776,15.0,13.0,7.0,14.159202556195421
FSM,Micronesia,2020,2,107774.81685235353,30577.379662979263,1777.4574633743641,74.0,72.0,2.0,5.812981632060423
GEO,Georgia,2020,2,3764026.2827292616,2416484.6802569414,307043.4461067778,69.0,47.0,24.0,12.706202882864142
IDN,Indonesia,2020,2,271015983.30743384,232690542.5574325,6153214.26138534,502.0,85.0,80.0,2.6443766015400514
IND,India,2020,2,1396452874.7901394,1163213041.8752594,28956537.065014616,676.0,95.0,83.0,2.4893580128995714
KAZ,Kazakhstan,2020,2,18984737.39357414,14528767.972000996,878127.2716253204,174.0,87.0,69.0,6.044058748254475
KGZ,Kyrgyz Republic,2020,2,6300933.127458193,4745829.782081521,228083.48859715243,44.0,14.0,13.0,4.805977017092151
KHM,Cambodia,2020,2,16400325.170209982,11043043.349602079,1086730.5123510307,202.0,82.0,61.0,9.840860693444526
LAO,Lao PDR,2020,2,7324165.850297997,2133661.756847194,1177282.8120896728,142.0,125.0,67.0,55.176637454911564
LKA,Sri Lanka,2020,2,21676905.90804015,18170734.31466508,556506.5989280383,323.0,77.0,52.0,3.0626533264475597
MMR,Myanmar,2020,2,53387890.04902441,37181735.13156808,3164385.8208580483,63.0,9.0,9.0,8.510592121806111
MNG,Mongolia,2020,2,3294224.378397286,2314614.7602053536,5478.510221241981,327.0,290.0,5.0,0.23669209733873486
MYS,Malaysia,2020,2,33162521.32014441,27213124.161197126,884921.7858519387,144.0,52.0,40.0,3.251819896201915
NPL,Nepal,2020,2,29350907.89075555,21678895.749270678,697861.2312372809,14.0,3.0,3.0,3.2190810791677813
PAK,Pakistan,2020,2,227178236.68945143,198753541.03708705,1876492.8721133042,32.0,3.0,3.0,0.9441305358998127
PHL,Philippines,2020,2,111404459.57131244,94284393.84583507,2637178.8329235427,1647.0,336.0,235.0,2.7970470248083776
PNG,Papua New Guinea,2020,2,9703585.575822873,4485320.837451434,1182172.5888418865,87.0,60.0,49.0,26.35647775675282
SLB,Solomon Islands,2020,2,678291.2862400502,142207.4274190699,14907.045563155314,183.0,167.0,5.0,10.482606874833523
THA,Thailand,2020,2,71447885.1279247,43366934.870009154,6682212.6355675515,928.0,639.0,453.0,15.408542604168929
TJK,Tajikistan,2020,2,9544864.992177287,7886339.150871251,195997.92311369066,59.0,13.0,10.0,2.4852839747836306
TKM,Turkmenistan,2020,2,6241205.540015569,4654507.394836873,344949.50540004874,58.0,23.0,13.0,7.411085129710879
TLS,Timor-Leste,2020,2,1299521.2932292663,633303.1227271544,87553.09295443077,62.0,48.0,13.0,13.82483202947212
TON,Tonga,2020,2,104747.55654614842,63589.32832404404,10208.132403654039,11.0,9.0,2.0,16.05321627496134
TWN,"Taipei,China",2020,2,23799535.44502608,22483526.21997003,0.0,22.0,1.0,0.0,0.0
UZB,Uzbekistan,2020,2,33643978.4038809,28740597.241654817,564327.8243777166,161.0,27.0,25.0,1.963521563705765
VNM,Viet Nam,2020,2,96575171.12696226,83686753.52138296,1876951.7448116976,710.0,110.0,90.0,2.2428301563067734
VUT,Vanuatu,2020,2,308901.78611774434,92618.93043912132,2613.222689578776,63.0,57.0,4.0,2.8214779388933398
WSM,Samoa,2020,2,213476.58925224197,123777.69068132929,3233.4041627845727,43.0,27.0,3.0,2.6122673197297757
AFG,Afghanistan,2020,1,38970575.48632695,32870843.686884977,0.0,34.0,0.0,0.0,0.0
ARM,Armenia,2020,1,2807619.985147956,2155983.3423131793,102186.0004331824,11.0,3.0,3.0,4.739647029162381
AZE,Azerbaijan,2020,1,10231517.842628969,8088224.597234089,128572.063312396,10.0,1.0,1.0,1.5896203396276047
BGD,Bangladesh,2020,1,167132311.58332762,163800300.33245048,0.0,8.0,0.0,0.0,0.0
BRN,Brunei Darussalam,2020,1,440444.0727882464,361260.4055521911,14288.4372773312,4.0,2.0,1.0,3.955162829286853
BTN,Bhutan,2020,1,807803.046799684,250580.7729513746,99526.3159818445,20.0,18.0,8.0,39.71825723482689
CHN,China,2020,1,1431818674.7187283,1198459179.6050508,1159202.9155405331,37.0,5.0,1.0,0.0967244387850194
COK,Cook Islands,2020,1,16900.472566711258,0.0,0.0,11.0,11.0,0.0,
FJI,Fiji,2020,1,913970.9663046107,498397.6308206704,203708.17935761542,5.0,4.0,2.0,40.872621930843835
FSM,Micronesia,2020,1,107774.81685235356,30577.3796629792,30577.3796629792,4.0,4.0,2.0,100.0
GEO,Georgia,2020,1,3764026.2827292625,2416484.680256942,232172.1089072245,12.0,5.0,4.0,9.607845263994719
IDN,Indonesia,2020,1,271015983.30743384,232690542.55743253,0.0,34.0,0.0,0.0,0.0
IND,India,2020,1,1396452874.7901402,1163213041.8752594,687102.471265225,41.0,6.0,2.0,0.05906935759227057
KAZ,Kazakhstan,2020,1,18984737.393574134,14528767.97200099,243440.345759789,14.0,1.0,1.0,1.6755745995044677
KGZ,Kyrgyz Republic,2020,1,6300933.127458188,4745829.782081521,0.0,9.0,0.0,0.0,0.0
KHM,Cambodia,2020,1,16400325.170209989,11043043.349602075,699933.3217093168,25.0,8.0,8.0,6.33822850776492
LAO,Lao PDR,2020,1,7324165.850297993,2133661.756847195,1685325.9079363989,18.0,17.0,16.0,78.98749192687039
LKA,Sri Lanka,2020,1,21676905.908040147,18170734.31466508,739627.2009916739,25.0,5.0,5.0,4.070430991854534
MHL,Marshall Islands,2020,1,41255.20257616841,24703.39820637371,0.0,23.0,21.0,0.0,0.0
MMR,Myanmar,2020,1,53387890.04902439,37181735.13156808,2031911.9144518457,15.0,2.0,2.0,5.464811976261725
MNG,Mongolia,2020,1,3294224.3783972864,2314614.7602053536,411700.63114374847,22.0,16.0,16.0,17.78700448221553
MYS,Malaysia,2020,1,33162521.320144415,27213124.161197122,0.0,16.0,0.0,0.0,0.0
NPL,Nepal,2020,1,29350907.89075559,21678895.74927068,1551957.47383438,5.0,1.0,1.0,7.158840061706513
NRU,Nauru,2020,1,11983.350377137776,11217.337810064664,18.1549766212702,14.0,1.0,1.0,0.16184746263931535
PAK,Pakistan,2020,1,227178236.6894516,198753541.03708714,0.0,8.0,0.0,0.0,0.0
PHL,Philippines,2020,1,111404459.57131244,94284393.84583509,1144235.448680786,81.0,8.0,8.0,1.2136000476937163
PLW,Palau,2020,1,17692.84778978318,6889.19624071312,0.0,16.0,15.0,0.0,0.0
PNG,Papua New Guinea,2020,1,9703585.575822873,4485320.837451436,1549757.9882642445,22.0,15.0,15.0,34.55177554577832
SLB,Solomon Islands,2020,1,678291.2862400503,142207.42741906972,42611.71984073548,10.0,9.0,3.0,29.96448259707519
THA,Thailand,2020,1,71447885.1279247,43366934.870009094,11433782.93012216,77.0,47.0,47.0,26.365208803422544
TJK,Tajikistan,2020,1,9544864.992177282,7886339.150871249,79644.1520937397,5.0,1.0,1.0,1.009900164957285
TKM,Turkmenistan,2020,1,6241205.540015567,4654507.394836872,0.0,6.0,0.0,0.0,0.0
TLS,Timor-Leste,2020,1,1299521.2932292665,633303.1227271535,217370.7923858148,13.0,11.0,11.0,34.32334131715072
TON,Tonga,2020,1,104747.5565461484,63589.328324044116,5855.03735728282,5.0,4.0,1.0,9.207578553819918
TUV,Tuvalu,2020,1,10997.133580252526,7948.35559105873,0.0,9.0,8.0,0.0,0.0
TWN,"Taipei,China",2020,1,23799535.445026096,22483526.219970033,33039.8410309311,7.0,1.0,1.0,0.14695133097754423
UZB,Uzbekistan,2020,1,33643978.403880894,28740597.241654813,0.0,14.0,0.0,0.0,0.0
VNM,Viet Nam,2020,1,96575171.12696227,83686753.52138296,916869.260106591,63.0,4.0,4.0,1.0955966404794517
VUT,Vanuatu,2020,1,308901.7861177444,92618.93043912131,17975.4625154333,6.0,5.0,1.0,19.4079789414634
WSM,Samoa,2020,1,213476.58925224206,123777.69068132923,5977.534191175368,11.0,7.0,2.0,4.8292500516630055
BGD,Bangladesh,2020,3,167132311.58332765,163800300.3324505,117887.43553085795,545.0,9.0,9.0,0.07197021940227984
CHN,China,2020,3,1431818674.7187285,1198459179.6050506,29932781.787624698,2420.0,397.0,361.0,2.49760545014883
IDN,Indonesia,2020,3,271015983.30743384,232690542.5574325,4650375.1738493955,6695.0,2397.0,795.0,1.9985234993818426
IND,India,2020,3,1396452874.7901397,1163213041.8752594,44779947.42484439,2347.0,576.0,510.0,3.8496772141286306
KHM,Cambodia,2020,3,16400325.170209987,11043043.349602079,564368.7002057787,1630.0,634.0,269.0,5.110626503391521
MMR,Myanmar,2020,3,53387890.04902439,37181735.131568074,3706675.3782754773,286.0,87.0,81.0,9.969075851784098
NPL,Nepal,2020,3,29350907.89075554,21678895.749270685,2201461.119519776,75.0,43.0,35.0,10.154858185495158
PAK,Pakistan,2020,3,227178236.6894516,198753541.037087,1632312.30419603,141.0,21.0,19.0,0.8212745773880042
PHL,Philippines,2020,3,111404459.57131243,94284393.84583507,981442.3060954644,41948.0,11162.0,2759.0,1.0409382359717199
THA,Thailand,2020,3,71447885.1279247,43366934.87000915,2763901.151956001,5926.0,3835.0,1133.0,6.373291449443445
TJK,Tajikistan,2020,3,9544864.992177282,7886339.150871247,136561.6789356563,360.0,156.0,42.0,1.7316232072085003
TLS,Timor-Leste,2020,3,1299521.2932292663,633303.1227271539,22193.978844110858,493.0,369.0,42.0,3.50447961610205
VNM,Viet Nam,2020,3,96575171.12696224,83686753.52138296,925825.7170436761,11163.0,2883.0,753.0,1.1062989996464812
