month,location,radius_km,reducer,scheduled_nights,paired_valid_nights,paired_coverage_share,monthly_ratio_median,monthly_ratio_mean,month_valid
2013-05,Aklan,25,mean,6,3,0.5,0.05882075588078449,0.13650125935997504,True
2013-05,Aklan,25,p75,6,3,0.5,0.05501145613407374,0.14636916352188664,True
2013-05,Aklan,50,mean,6,5,0.8333333333333334,0.10422194948926956,0.20784168852774715,True
2013-05,Aklan,50,p75,6,5,0.8333333333333334,0.2321976137664844,0.3060712904917088,True
2013-05,Aklan,75,mean,6,5,0.8333333333333334,0.14562299767134831,0.2470637364416916,True
2013-05,Aklan,75,p75,6,5,0.8333333333333334,0.3524230001207787,0.4186893053463311,True
2013-05,Capiz,25,mean,6,2,0.3333333333333333,0.2574463402426598,0.2574463402426598,True
2013-05,Capiz,25,p75,6,2,0.3333333333333333,0.24417070693908116,0.24417070693908116,True
2013-05,Capiz,50,mean,6,5,0.8333333333333334,0.11540381233016452,0.2675975455547574,True
2013-05,Capiz,50,p75,6,5,0.8333333333333334,0.23941592658165917,0.3922352901265396,True
2013-05,Capiz,75,mean,6,5,0.8333333333333334,0.18554077616692624,0.274929049660526,True
2013-05,Capiz,75,p75,6,5,0.8333333333333334,0.38442340531394337,0.4629279041995728,True
2013-05,Cebu,25,mean,6,2,0.3333333333333333,3.404984170872096,3.404984170872096,True
2013-05,Cebu,25,p75,6,2,0.3333333333333333,1.5097011127173126,1.5097011127173126,True
2013-05,Cebu,50,mean,6,5,0.8333333333333334,0.38549123127652124,0.5303923470522143,True
2013-05,Cebu,50,p75,6,5,0.8333333333333334,0.4351680378329179,0.4060987888645619,True
2013-05,Cebu,75,mean,6,5,0.8333333333333334,0.2799840743804316,0.42350889032563466,True
2013-05,Cebu,75,p75,6,5,0.8333333333333334,0.4015958720717174,0.5411445118218745,True
2013-05,Iloilo,25,mean,6,3,0.5,0.05946089655843914,0.18915594018237702,True
2013-05,Iloilo,25,p75,6,3,0.5,0.05111389384230229,0.25552578154821975,True
2013-05,Iloilo,50,mean,6,4,0.6666666666666666,0.1378565154482613,0.25294416341060605,True
2013-05,Iloilo,50,p75,6,4,0.6666666666666666,0.26450867696732766,0.3957985881529704,True
2013-05,Iloilo,75,mean,6,5,0.8333333333333334,0.22582575371002106,0.288867125397978,True
2013-05,Iloilo,75,p75,6,5,0.8333333333333334,0.41257367330751066,0.4901943541342531,True
2013-05,Leyte,25,mean,6,4,0.6666666666666666,0.2298837881049822,0.4087419185953172,True
2013-05,Leyte,25,p75,6,4,0.6666666666666666,0.2445764614433229,0.3093200813360927,True
2013-05,Leyte,50,mean,6,5,0.8333333333333334,0.3597760856327105,0.37452541484363594,True
2013-05,Leyte,50,p75,6,5,0.8333333333333334,0.4866244833578764,0.5068388297649163,True
2013-05,Leyte,75,mean,6,5,0.8333333333333334,0.17723661062159704,0.3150237434355358,True
2013-05,Leyte,75,p75,6,5,0.8333333333333334,0.3880905266073872,0.5513179953843923,True
2013-05,Palawan,25,mean,6,3,0.5,0.03275968349512097,0.09812576135941609,True
2013-05,Palawan,25,p75,6,3,0.5,0.03479170057316775,0.13034272437468428,True
2013-05,Palawan,50,mean,6,5,0.8333333333333334,0.15363899355687174,0.24400702260683227,True
2013-05,Palawan,50,p75,6,5,0.8333333333333334,0.3088228044879914,0.3343379671428121,True
2013-05,Palawan,75,mean,6,5,0.8333333333333334,0.1430673393753647,0.22756716598847238,True
2013-05,Palawan,75,p75,6,5,0.8333333333333334,0.2789514521822213,0.3842695099270854,True
2013-05,Samar,25,mean,6,4,0.6666666666666666,0.15165348075063995,0.17671092156368207,True
2013-05,Samar,25,p75,6,4,0.6666666666666666,0.2139359255511242,0.21527795377593806,True
2013-05,Samar,50,mean,6,5,0.8333333333333334,0.1361191551494263,0.33700309850277677,True
2013-05,Samar,50,p75,6,5,0.8333333333333334,0.31970691214650465,0.49041039372043327,True
2013-05,Samar,75,mean,6,5,0.8333333333333334,0.18867598570140418,0.326451754931646,True
2013-05,Samar,75,p75,6,5,0.8333333333333334,0.38415199693996654,0.5680307714401841,True
2013-06,Aklan,25,mean,6,0,0.0,,,False
2013-06,Aklan,25,p75,6,0,0.0,,,False
2013-06,Aklan,50,mean,6,1,0.16666666666666666,0.1861813343715176,0.1861813343715176,False
2013-06,Aklan,50,p75,6,1,0.16666666666666666,0.24072589790119914,0.24072589790119914,False
2013-06,Aklan,75,mean,6,2,0.3333333333333333,0.3822115470852232,0.3822115470852232,True
2013-06,Aklan,75,p75,6,2,0.3333333333333333,0.44626680610477804,0.44626680610477804,True
2013-06,Capiz,25,mean,6,0,0.0,,,False
2013-06,Capiz,25,p75,6,0,0.0,,,False
2013-06,Capiz,50,mean,6,2,0.3333333333333333,0.2798597889572099,0.2798597889572099,True
2013-06,Capiz,50,p75,6,2,0.3333333333333333,0.43380785894500995,0.43380785894500995,True
2013-06,Capiz,75,mean,6,3,0.5,0.3744974993249466,0.5864847805053623,True
2013-06,Capiz,75,p75,6,3,0.5,0.5686245389520757,0.6208455343550802,True
2013-06,Cebu,25,mean,6,1,0.16666666666666666,5.075081370729198,5.075081370729198,False
2013-06,Cebu,25,p75,6,1,0.16666666666666666,5.412111661028518,5.412111661028518,False
2013-06,Cebu,50,mean,6,2,0.3333333333333333,2.840104602658469,2.840104602658469,True
2013-06,Cebu,50,p75,6,2,0.3333333333333333,1.244667785384651,1.244667785384651,True
2013-06,Cebu,75,mean,6,3,0.5,1.243346399704472,1.425112316864219,True
2013-06,Cebu,75,p75,6,3,0.5,0.8539006753849014,0.8059202823326292,True
2013-06,Iloilo,25,mean,6,0,0.0,,,False
2013-06,Iloilo,25,p75,6,0,0.0,,,False
2013-06,Iloilo,50,mean,6,2,0.3333333333333333,0.30994517294701585,0.30994517294701585,True
2013-06,Iloilo,50,p75,6,2,0.3333333333333333,0.45424367222765655,0.45424367222765655,True
2013-06,Iloilo,75,mean,6,3,0.5,0.39117380909640714,0.628234761097975,True
2013-06,Iloilo,75,p75,6,3,0.5,0.5796866393558775,0.6394889524354098,True
2013-06,Leyte,25,mean,6,0,0.0,,,False
2013-06,Leyte,25,p75,6,0,0.0,,,False
2013-06,Leyte,50,mean,6,1,0.16666666666666666,0.21603970712050585,0.21603970712050585,False
2013-06,Leyte,50,p75,6,1,0.16666666666666666,0.30298363711334036,0.30298363711334036,False
2013-06,Leyte,75,mean,6,2,0.3333333333333333,0.8027457557271346,0.8027457557271346,True
2013-06,Leyte,75,p75,6,2,0.3333333333333333,0.839396979469517,0.839396979469517,True
2013-06,Palawan,25,mean,6,2,0.3333333333333333,0.09605524377260685,0.09605524377260685,True
2013-06,Palawan,25,p75,6,2,0.3333333333333333,0.0780119904442371,0.0780119904442371,True
2013-06,Palawan,50,mean,6,2,0.3333333333333333,0.17947418079153152,0.17947418079153152,True
2013-06,Palawan,50,p75,6,2,0.3333333333333333,0.19255744138818576,0.19255744138818576,True
2013-06,Palawan,75,mean,6,3,0.5,0.5705399894571237,0.4866563834602526,True
2013-06,Palawan,75,p75,6,3,0.5,0.2747309583211128,0.3191598431766782,True
2013-06,Samar,25,mean,6,0,0.0,,,False
2013-06,Samar,25,p75,6,0,0.0,,,False
2013-06,Samar,50,mean,6,2,0.3333333333333333,0.556280137803997,0.556280137803997,True
2013-06,Samar,50,p75,6,2,0.3333333333333333,0.6288925369428436,0.6288925369428436,True
2013-06,Samar,75,mean,6,3,0.5,0.3144265265760821,0.5670296529891669,True
2013-06,Samar,75,p75,6,3,0.5,0.4209458572119016,0.588154824823104,True
2013-07,Aklan,25,mean,6,1,0.16666666666666666,0.02439073029508777,0.02439073029508777,False
2013-07,Aklan,25,p75,6,1,0.16666666666666666,0.05736611657751974,0.05736611657751974,False
2013-07,Aklan,50,mean,6,1,0.16666666666666666,0.04413854054787102,0.04413854054787102,False
2013-07,Aklan,50,p75,6,1,0.16666666666666666,0.24242047482322146,0.24242047482322146,False
2013-07,Aklan,75,mean,6,1,0.16666666666666666,0.07768102320674133,0.07768102320674133,False
2013-07,Aklan,75,p75,6,1,0.16666666666666666,0.37278212535835054,0.37278212535835054,False
2013-07,Capiz,25,mean,6,1,0.16666666666666666,0.09758805774244318,0.09758805774244318,False
2013-07,Capiz,25,p75,6,1,0.16666666666666666,0.12414620484847291,0.12414620484847291,False
2013-07,Capiz,50,mean,6,1,0.16666666666666666,0.1542451014765858,0.1542451014765858,False
2013-07,Capiz,50,p75,6,1,0.16666666666666666,0.4246915761069938,0.4246915761069938,False
2013-07,Capiz,75,mean,6,1,0.16666666666666666,0.13021376429416673,0.13021376429416673,False
2013-07,Capiz,75,p75,6,1,0.16666666666666666,0.46067210740188025,0.46067210740188025,False
2013-07,Cebu,25,mean,6,0,0.0,,,False
2013-07,Cebu,25,p75,6,0,0.0,,,False
2013-07,Cebu,50,mean,6,0,0.0,,,False
2013-07,Cebu,50,p75,6,0,0.0,,,False
2013-07,Cebu,75,mean,6,0,0.0,,,False
2013-07,Cebu,75,p75,6,0,0.0,,,False
2013-07,Iloilo,25,mean,6,1,0.16666666666666666,0.13035800921764526,0.13035800921764526,False
2013-07,Iloilo,25,p75,6,1,0.16666666666666666,0.147304487142046,0.147304487142046,False
2013-07,Iloilo,50,mean,6,1,0.16666666666666666,0.14892501409298584,0.14892501409298584,False
2013-07,Iloilo,50,p75,6,1,0.16666666666666666,0.45306952375693116,0.45306952375693116,False
2013-07,Iloilo,75,mean,6,2,0.3333333333333333,-0.18961764820001215,-0.18961764820001215,True
2013-07,Iloilo,75,p75,6,2,0.3333333333333333,-0.059593268027981317,-0.059593268027981317,True
2013-07,Leyte,25,mean,6,1,0.16666666666666666,-0.012097366936252648,-0.012097366936252648,False
2013-07,Leyte,25,p75,6,1,0.16666666666666666,0.02860160988336705,0.02860160988336705,False
2013-07,Leyte,50,mean,6,1,0.16666666666666666,-0.04993792877123811,-0.04993792877123811,False
2013-07,Leyte,50,p75,6,1,0.16666666666666666,0.08834399599878223,0.08834399599878223,False
2013-07,Leyte,75,mean,6,1,0.16666666666666666,-0.15631691939899392,-0.15631691939899392,False
2013-07,Leyte,75,p75,6,1,0.16666666666666666,-0.10283457873085627,-0.10283457873085627,False
2013-07,Palawan,25,mean,6,1,0.16666666666666666,0.022587445976234386,0.022587445976234386,False
2013-07,Palawan,25,p75,6,1,0.16666666666666666,0.042020968812481296,0.042020968812481296,False
2013-07,Palawan,50,mean,6,1,0.16666666666666666,0.05975290878991221,0.05975290878991221,False
2013-07,Palawan,50,p75,6,1,0.16666666666666666,0.14714177407289836,0.14714177407289836,False
2013-07,Palawan,75,mean,6,1,0.16666666666666666,0.22728496987519994,0.22728496987519994,False
2013-07,Palawan,75,p75,6,1,0.16666666666666666,0.26559656181316665,0.26559656181316665,False
2013-07,Samar,25,mean,6,0,0.0,,,False
2013-07,Samar,25,p75,6,0,0.0,,,False
2013-07,Samar,50,mean,6,0,0.0,,,False
2013-07,Samar,50,p75,6,0,0.0,,,False
2013-07,Samar,75,mean,6,0,0.0,,,False
2013-07,Samar,75,p75,6,0,0.0,,,False
2013-08,Aklan,25,mean,6,1,0.16666666666666666,0.2034519285631057,0.2034519285631057,False
2013-08,Aklan,25,p75,6,1,0.16666666666666666,0.19692397894355906,0.19692397894355906,False
2013-08,Aklan,50,mean,6,1,0.16666666666666666,0.6264241235650819,0.6264241235650819,False
2013-08,Aklan,50,p75,6,1,0.16666666666666666,0.6515386046141256,0.6515386046141256,False
2013-08,Aklan,75,mean,6,3,0.5,0.09526444405332925,0.254142065287668,True
2013-08,Aklan,75,p75,6,3,0.5,0.2601216095260216,0.3730985604553674,True
2013-08,Capiz,25,mean,6,1,0.16666666666666666,0.22478939883,0.22478939883,False
2013-08,Capiz,25,p75,6,1,0.16666666666666666,0.18761872175670574,0.18761872175670574,False
2013-08,Capiz,50,mean,6,2,0.3333333333333333,0.502240619838805,0.502240619838805,True
2013-08,Capiz,50,p75,6,2,0.3333333333333333,0.4860888842963531,0.4860888842963531,True
2013-08,Capiz,75,mean,6,2,0.3333333333333333,0.4837321686394021,0.4837321686394021,True
2013-08,Capiz,75,p75,6,2,0.3333333333333333,0.5483363784569351,0.5483363784569351,True
2013-08,Cebu,25,mean,6,1,0.16666666666666666,0.685267086097695,0.685267086097695,False
2013-08,Cebu,25,p75,6,1,0.16666666666666666,0.34906308604156233,0.34906308604156233,False
2013-08,Cebu,50,mean,6,2,0.3333333333333333,1.3022874265901723,1.3022874265901723,True
2013-08,Cebu,50,p75,6,2,0.3333333333333333,0.5936450968513699,0.5936450968513699,True
2013-08,Cebu,75,mean,6,2,0.3333333333333333,0.731035256229137,0.731035256229137,True
2013-08,Cebu,75,p75,6,2,0.3333333333333333,0.5038398067811442,0.5038398067811442,True
2013-08,Iloilo,25,mean,6,1,0.16666666666666666,0.24594517115137923,0.24594517115137923,False
2013-08,Iloilo,25,p75,6,1,0.16666666666666666,0.18987035886856582,0.18987035886856582,False
2013-08,Iloilo,50,mean,6,2,0.3333333333333333,0.5765456293209411,0.5765456293209411,True
2013-08,Iloilo,50,p75,6,2,0.3333333333333333,0.5497528620736338,0.5497528620736338,True
2013-08,Iloilo,75,mean,6,2,0.3333333333333333,0.49998867013755754,0.49998867013755754,True
2013-08,Iloilo,75,p75,6,2,0.3333333333333333,0.5616553941293475,0.5616553941293475,True
2013-08,Leyte,25,mean,6,1,0.16666666666666666,0.30612321627194267,0.30612321627194267,False
2013-08,Leyte,25,p75,6,1,0.16666666666666666,0.17075744790156358,0.17075744790156358,False
2013-08,Leyte,50,mean,6,2,0.3333333333333333,0.6616213937662684,0.6616213937662684,True
2013-08,Leyte,50,p75,6,2,0.3333333333333333,0.43790152676451777,0.43790152676451777,True
2013-08,Leyte,75,mean,6,2,0.3333333333333333,0.48814659851859243,0.48814659851859243,True
2013-08,Leyte,75,p75,6,2,0.3333333333333333,0.3987941317882626,0.3987941317882626,True
2013-08,Palawan,25,mean,6,1,0.16666666666666666,0.1824659506135551,0.1824659506135551,False
2013-08,Palawan,25,p75,6,1,0.16666666666666666,0.21017088039643209,0.21017088039643209,False
2013-08,Palawan,50,mean,6,1,0.16666666666666666,0.5806327729349242,0.5806327729349242,False
2013-08,Palawan,50,p75,6,1,0.16666666666666666,0.7453472922535227,0.7453472922535227,False
2013-08,Palawan,75,mean,6,1,0.16666666666666666,0.6264212221203204,0.6264212221203204,False
2013-08,Palawan,75,p75,6,1,0.16666666666666666,0.8026864842537483,0.8026864842537483,False
2013-08,Samar,25,mean,6,1,0.16666666666666666,0.18245451869090157,0.18245451869090157,False
2013-08,Samar,25,p75,6,1,0.16666666666666666,0.15880714171758026,0.15880714171758026,False
2013-08,Samar,50,mean,6,3,0.5,0.16727548551722787,0.29091197601006774,True
2013-08,Samar,50,p75,6,3,0.5,0.254341828119042,0.3209185915290957,True
2013-08,Samar,75,mean,6,3,0.5,0.05626914922360673,0.265949871968227,True
2013-08,Samar,75,p75,6,3,0.5,0.17315456452431624,0.29127476487575527,True
2013-09,Aklan,25,mean,6,0,0.0,,,False
2013-09,Aklan,25,p75,6,0,0.0,,,False
2013-09,Aklan,50,mean,6,0,0.0,,,False
2013-09,Aklan,50,p75,6,0,0.0,,,False
2013-09,Aklan,75,mean,6,1,0.16666666666666666,0.014412075606030302,0.014412075606030302,False
2013-09,Aklan,75,p75,6,1,0.16666666666666666,0.026708276698736617,0.026708276698736617,False
2013-09,Capiz,25,mean,6,0,0.0,,,False
2013-09,Capiz,25,p75,6,0,0.0,,,False
2013-09,Capiz,50,mean,6,0,0.0,,,False
2013-09,Capiz,50,p75,6,0,0.0,,,False
2013-09,Capiz,75,mean,6,1,0.16666666666666666,0.12609723494832886,0.12609723494832886,False
2013-09,Capiz,75,p75,6,1,0.16666666666666666,0.05558238862747374,0.05558238862747374,False
2013-09,Cebu,25,mean,6,0,0.0,,,False
2013-09,Cebu,25,p75,6,0,0.0,,,False
2013-09,Cebu,50,mean,6,0,0.0,,,False
2013-09,Cebu,50,p75,6,0,0.0,,,False
2013-09,Cebu,75,mean,6,1,0.16666666666666666,0.39943435178362247,0.39943435178362247,False
2013-09,Cebu,75,p75,6,1,0.16666666666666666,0.0690942131196408,0.0690942131196408,False
2013-09,Iloilo,25,mean,6,0,0.0,,,False
2013-09,Iloilo,25,p75,6,0,0.0,,,False
2013-09,Iloilo,50,mean,6,0,0.0,,,False
2013-09,Iloilo,50,p75,6,0,0.0,,,False
2013-09,Iloilo,75,mean,6,1,0.16666666666666666,0.1663140639960558,0.1663140639960558,False
2013-09,Iloilo,75,p75,6,1,0.16666666666666666,0.0681527711918432,0.0681527711918432,False
2013-09,Leyte,25,mean,6,1,0.16666666666666666,0.1561558015389563,0.1561558015389563,False
2013-09,Leyte,25,p75,6,1,0.16666666666666666,0.1907685315394957,0.1907685315394957,False
2013-09,Leyte,50,mean,6,1,0.16666666666666666,0.10058764358207417,0.10058764358207417,False
2013-09,Leyte,50,p75,6,1,0.16666666666666666,0.14440209809495239,0.14440209809495239,False
2013-09,Leyte,75,mean,6,2,0.3333333333333333,0.057167923587863934,0.057167923587863934,True
2013-09,Leyte,75,p75,6,2,0.3333333333333333,0.1174113394233564,0.1174113394233564,True
2013-09,Palawan,25,mean,6,0,0.0,,,False
2013-09,Palawan,25,p75,6,0,0.0,,,False
2013-09,Palawan,50,mean,6,1,0.16666666666666666,-0.023822103574610305,-0.023822103574610305,False
2013-09,Palawan,50,p75,6,1,0.16666666666666666,0.0425350667160533,0.0425350667160533,False
2013-09,Palawan,75,mean,6,2,0.3333333333333333,-0.023108783110983258,-0.023108783110983258,True
2013-09,Palawan,75,p75,6,2,0.3333333333333333,0.038114689153795504,0.038114689153795504,True
2013-09,Samar,25,mean,6,1,0.16666666666666666,0.05518638215296402,0.05518638215296402,False
2013-09,Samar,25,p75,6,1,0.16666666666666666,0.16518239881898603,0.16518239881898603,False
2013-09,Samar,50,mean,6,2,0.3333333333333333,0.012186904276822622,0.012186904276822622,True
2013-09,Samar,50,p75,6,2,0.3333333333333333,0.07770562798670161,0.07770562798670161,True
2013-09,Samar,75,mean,6,3,0.5,0.019908506425749206,0.0341118343712809,True
2013-09,Samar,75,p75,6,3,0.5,0.1790463141776097,0.2043043356012121,True
2013-10,Aklan,25,mean,6,0,0.0,,,False
2013-10,Aklan,25,p75,6,0,0.0,,,False
2013-10,Aklan,50,mean,6,1,0.16666666666666666,0.01744113994027111,0.01744113994027111,False
2013-10,Aklan,50,p75,6,1,0.16666666666666666,0.05432586315546785,0.05432586315546785,False
2013-10,Aklan,75,mean,6,3,0.5,0.10454640968531309,0.37970608545580053,True
2013-10,Aklan,75,p75,6,3,0.5,0.19255424213897349,0.49170683382279834,True
2013-10,Capiz,25,mean,6,0,0.0,,,False
2013-10,Capiz,25,p75,6,0,0.0,,,False
2013-10,Capiz,50,mean,6,0,0.0,,,False
2013-10,Capiz,50,p75,6,0,0.0,,,False
2013-10,Capiz,75,mean,6,2,0.3333333333333333,0.4995873768387742,0.4995873768387742,True
2013-10,Capiz,75,p75,6,2,0.3333333333333333,0.6311313360097341,0.6311313360097341,True
2013-10,Cebu,25,mean,6,0,0.0,,,False
2013-10,Cebu,25,p75,6,0,0.0,,,False
2013-10,Cebu,50,mean,6,0,0.0,,,False
2013-10,Cebu,50,p75,6,0,0.0,,,False
2013-10,Cebu,75,mean,6,1,0.16666666666666666,0.45151350179944405,0.45151350179944405,False
2013-10,Cebu,75,p75,6,1,0.16666666666666666,0.4652218845577086,0.4652218845577086,False
2013-10,Iloilo,25,mean,6,0,0.0,,,False
2013-10,Iloilo,25,p75,6,0,0.0,,,False
2013-10,Iloilo,50,mean,6,0,0.0,,,False
2013-10,Iloilo,50,p75,6,0,0.0,,,False
2013-10,Iloilo,75,mean,6,2,0.3333333333333333,0.525211081525575,0.525211081525575,True
2013-10,Iloilo,75,p75,6,2,0.3333333333333333,0.6433540914729992,0.6433540914729992,True
2013-10,Leyte,25,mean,6,1,0.16666666666666666,0.12764112387384594,0.12764112387384594,False
2013-10,Leyte,25,p75,6,1,0.16666666666666666,0.07904644643978291,0.07904644643978291,False
2013-10,Leyte,50,mean,6,1,0.16666666666666666,0.23231542989667178,0.23231542989667178,False
2013-10,Leyte,50,p75,6,1,0.16666666666666666,0.3285744265133079,0.3285744265133079,False
2013-10,Leyte,75,mean,6,2,0.3333333333333333,0.3036765014471815,0.3036765014471815,True
2013-10,Leyte,75,p75,6,2,0.3333333333333333,0.3747467163629382,0.3747467163629382,True
2013-10,Palawan,25,mean,6,2,0.3333333333333333,0.024472596085995203,0.024472596085995203,True
2013-10,Palawan,25,p75,6,2,0.3333333333333333,0.027010609571818937,0.027010609571818937,True
2013-10,Palawan,50,mean,6,2,0.3333333333333333,0.031243397912279168,0.031243397912279168,True
2013-10,Palawan,50,p75,6,2,0.3333333333333333,0.07644680507283433,0.07644680507283433,True
2013-10,Palawan,75,mean,6,2,0.3333333333333333,0.05596659022262503,0.05596659022262503,True
2013-10,Palawan,75,p75,6,2,0.3333333333333333,0.15017644608398806,0.15017644608398806,True
2013-10,Samar,25,mean,6,1,0.16666666666666666,0.07658769766558392,0.07658769766558392,False
2013-10,Samar,25,p75,6,1,0.16666666666666666,0.08088749495588038,0.08088749495588038,False
2013-10,Samar,50,mean,6,1,0.16666666666666666,0.15816142266143746,0.15816142266143746,False
2013-10,Samar,50,p75,6,1,0.16666666666666666,0.28949906793149405,0.28949906793149405,False
2013-10,Samar,75,mean,6,2,0.3333333333333333,0.3275000448300104,0.3275000448300104,True
2013-10,Samar,75,p75,6,2,0.3333333333333333,0.44231803585518825,0.44231803585518825,True
2013-11,Aklan,25,mean,6,1,0.16666666666666666,1.4285387116406505,1.4285387116406505,False
2013-11,Aklan,25,p75,6,1,0.16666666666666666,1.8047070628692456,1.8047070628692456,False
2013-11,Aklan,50,mean,6,4,0.6666666666666666,0.2401325954249482,0.43295106869296096,True
2013-11,Aklan,50,p75,6,4,0.6666666666666666,0.3073383901500166,0.5139903011028863,True
2013-11,Aklan,75,mean,6,6,1.0,0.03348526885873423,0.24299387135654069,True
2013-11,Aklan,75,p75,6,6,1.0,0.24270301088048135,0.43255581614480487,True
2013-11,Capiz,25,mean,6,2,0.3333333333333333,0.4099130763567599,0.4099130763567599,True
2013-11,Capiz,25,p75,6,2,0.3333333333333333,0.5604940683199133,0.5604940683199133,True
2013-11,Capiz,50,mean,6,3,0.5,0.4020899396056453,0.5803931023665507,True
2013-11,Capiz,50,p75,6,3,0.5,0.0476084823094456,0.5338978150313823,True
2013-11,Capiz,75,mean,6,4,0.6666666666666666,0.27072551793114236,0.3741867333182849,True
2013-11,Capiz,75,p75,6,4,0.6666666666666666,0.274921369162396,0.49419352679293704,True
2013-11,Cebu,25,mean,6,1,0.16666666666666666,0.04178492375290994,0.04178492375290994,False
2013-11,Cebu,25,p75,6,1,0.16666666666666666,0.03979080831204357,0.03979080831204357,False
2013-11,Cebu,50,mean,6,1,0.16666666666666666,0.09477704260991879,0.09477704260991879,False
2013-11,Cebu,50,p75,6,1,0.16666666666666666,0.24850345337325397,0.24850345337325397,False
2013-11,Cebu,75,mean,6,3,0.5,0.11540057794529163,0.6277701558786447,True
2013-11,Cebu,75,p75,6,3,0.5,0.3124414650904872,0.7400461377511808,True
2013-11,Iloilo,25,mean,6,1,0.16666666666666666,0.7627259679954971,0.7627259679954971,False
2013-11,Iloilo,25,p75,6,1,0.16666666666666666,0.997316801079384,0.997316801079384,False
2013-11,Iloilo,50,mean,6,1,0.16666666666666666,1.6550552287071734,1.6550552287071734,False
2013-11,Iloilo,50,p75,6,1,0.16666666666666666,1.552559904896977,1.552559904896977,False
2013-11,Iloilo,75,mean,6,3,0.5,0.08962778729119883,0.5277192074129928,True
2013-11,Iloilo,75,p75,6,3,0.5,0.34071893038301543,0.737115307443713,True
2013-11,Leyte,25,mean,6,1,0.16666666666666666,0.0036435312503741656,0.0036435312503741656,False
2013-11,Leyte,25,p75,6,1,0.16666666666666666,0.009080224137296217,0.009080224137296217,False
2013-11,Leyte,50,mean,6,2,0.3333333333333333,-0.0026534030726848073,-0.0026534030726848073,True
2013-11,Leyte,50,p75,6,2,0.3333333333333333,0.15191497014669253,0.15191497014669253,True
2013-11,Leyte,75,mean,6,4,0.6666666666666666,0.15761893796983484,0.40523977956698254,True
2013-11,Leyte,75,p75,6,4,0.6666666666666666,0.48499080322423427,0.6789372826267359,True
2013-11,Palawan,25,mean,6,2,0.3333333333333333,0.02568499858392922,0.02568499858392922,True
2013-11,Palawan,25,p75,6,2,0.3333333333333333,0.05565007850522557,0.05565007850522557,True
2013-11,Palawan,50,mean,6,3,0.5,-0.038956916271889984,0.027075300797241176,True
2013-11,Palawan,50,p75,6,3,0.5,0.06417929172128926,0.24075661247401428,True
2013-11,Palawan,75,mean,6,3,0.5,-0.025678901350330602,0.06736243364087373,True
2013-11,Palawan,75,p75,6,3,0.5,0.08746711375018458,0.3588543550495385,True
2013-11,Samar,25,mean,6,3,0.5,0.033820585753633454,0.21385514601808556,True
2013-11,Samar,25,p75,6,3,0.5,0.09193412811719046,0.23782951527815777,True
2013-11,Samar,50,mean,6,5,0.8333333333333334,0.1632010178463971,0.31380216295048247,True
2013-11,Samar,50,p75,6,5,0.8333333333333334,0.31760061598850536,0.41758908529493155,True
2013-11,Samar,75,mean,6,5,0.8333333333333334,0.07538263170578004,0.29738507456728164,True
2013-11,Samar,75,p75,6,5,0.8333333333333334,0.280379318395802,0.42768302528331653,True
2013-12,Aklan,25,mean,6,3,0.5,-0.0031911924112366305,0.2032580492834263,True
2013-12,Aklan,25,p75,6,3,0.5,0.002379029351079317,0.28194733611349115,True
2013-12,Aklan,50,mean,6,3,0.5,-0.01592525893403741,0.21418781296151135,True
2013-12,Aklan,50,p75,6,3,0.5,-0.009737032112640853,0.21522852638364798,True
2013-12,Aklan,75,mean,6,4,0.6666666666666666,-0.043969368660012796,0.12322087784235852,True
2013-12,Aklan,75,p75,6,4,0.6666666666666666,-0.06049968953996489,0.08188759283053815,True
2013-12,Capiz,25,mean,6,3,0.5,0.002001688757041552,0.11543554820639072,True
2013-12,Capiz,25,p75,6,3,0.5,0.0036726848305947044,0.12864933813260085,True
2013-12,Capiz,50,mean,6,3,0.5,-0.007537562301062138,0.1861076518647855,True
2013-12,Capiz,50,p75,6,3,0.5,0.01180518925322715,0.16769433447224077,True
2013-12,Capiz,75,mean,6,3,0.5,-0.016289557254412924,0.20976106293465166,True
2013-12,Capiz,75,p75,6,3,0.5,-0.004620901563697953,0.14801235846384264,True
2013-12,Cebu,25,mean,6,3,0.5,0.4631665797341543,0.40460575716578945,True
2013-12,Cebu,25,p75,6,3,0.5,0.1281552225045828,0.24221564779314453,True
2013-12,Cebu,50,mean,6,3,0.5,0.2827134594098103,0.31496728635185467,True
2013-12,Cebu,50,p75,6,3,0.5,0.0649928924379166,0.16478614301159047,True
2013-12,Cebu,75,mean,6,3,0.5,0.11402939644544398,0.24408823458841933,True
2013-12,Cebu,75,p75,6,3,0.5,0.09471841796516184,0.13881157918881185,True
2013-12,Iloilo,25,mean,6,3,0.5,-3.428472014028537e-05,0.1636272506336939,True
2013-12,Iloilo,25,p75,6,3,0.5,0.004478823230040178,0.19831475405744295,True
2013-12,Iloilo,50,mean,6,3,0.5,0.10355552491892842,0.26407258978515175,True
2013-12,Iloilo,50,p75,6,3,0.5,0.029941314431011206,0.2075377958339768,True
2013-12,Iloilo,75,mean,6,3,0.5,0.028397292838221413,0.22391473269031345,True
2013-12,Iloilo,75,p75,6,3,0.5,0.037745204545829365,0.1631598909523151,True
2013-12,Leyte,25,mean,6,3,0.5,0.00366030093066165,0.289329634622287,True
2013-12,Leyte,25,p75,6,3,0.5,0.0033399330241786797,0.3809620130543927,True
2013-12,Leyte,50,mean,6,3,0.5,-0.0061111929432463,0.26365985529587505,True
2013-12,Leyte,50,p75,6,3,0.5,0.0022799638699606043,0.33863986631328097,True
2013-12,Leyte,75,mean,6,3,0.5,-0.01895095565276055,0.1563510630712587,True
2013-12,Leyte,75,p75,6,3,0.5,-0.010999251791978946,0.18188048768482534,True
2013-12,Palawan,25,mean,6,3,0.5,0.004605653770650023,0.0796746385874265,True
2013-12,Palawan,25,p75,6,3,0.5,0.002958840142960291,0.128269182785938,True
2013-12,Palawan,50,mean,6,3,0.5,-0.0021437248887998996,0.06450570216863087,True
2013-12,Palawan,50,p75,6,3,0.5,0.013562449083373137,0.10735297808978424,True
2013-12,Palawan,75,mean,6,3,0.5,-0.016432351939618443,0.0426417760776427,True
2013-12,Palawan,75,p75,6,3,0.5,0.02934844943817639,0.05422755972309467,True
2013-12,Samar,25,mean,6,3,0.5,-0.007562587605873971,-0.012781537716929997,True
2013-12,Samar,25,p75,6,3,0.5,-0.0030467422236999434,-0.006536073826474069,True
2013-12,Samar,50,mean,6,4,0.6666666666666666,-0.01596723877578812,0.1640419284224628,True
2013-12,Samar,50,p75,6,4,0.6666666666666666,-0.006896682765418561,0.2149825978004709,True
2013-12,Samar,75,mean,6,4,0.6666666666666666,-0.026792678127875585,0.12957806810615566,True
2013-12,Samar,75,p75,6,4,0.6666666666666666,-0.02014323889412245,0.14683959475094405,True
2014-01,Aklan,25,mean,6,3,0.5,0.012157232151395261,0.939469162604826,True
2014-01,Aklan,25,p75,6,3,0.5,0.012044633778758843,0.7989169109651192,True
2014-01,Aklan,50,mean,6,3,0.5,0.016805434992849155,1.0376566787693584,True
2014-01,Aklan,50,p75,6,3,0.5,0.039836715730575824,0.9128530663011606,True
2014-01,Aklan,75,mean,6,4,0.6666666666666666,-0.001602196890608594,0.5422884194798049,True
2014-01,Aklan,75,p75,6,4,0.6666666666666666,0.04291740415710682,0.6062770748126829,True
2014-01,Capiz,25,mean,6,3,0.5,0.007621971590123251,0.8759585356147803,True
2014-01,Capiz,25,p75,6,3,0.5,0.01923834002939037,0.8157057454660094,True
2014-01,Capiz,50,mean,6,4,0.6666666666666666,0.021169815315746653,0.6874907118632873,True
2014-01,Capiz,50,p75,6,4,0.6666666666666666,0.09331486612155518,0.6669654300517469,True
2014-01,Capiz,75,mean,6,4,0.6666666666666666,0.037435946860251694,0.6215400749588939,True
2014-01,Capiz,75,p75,6,4,0.6666666666666666,0.16915716763670585,0.6982772779713962,True
2014-01,Cebu,25,mean,6,1,0.16666666666666666,0.22744830270300057,0.22744830270300057,False
2014-01,Cebu,25,p75,6,1,0.16666666666666666,0.06289673220592637,0.06289673220592637,False
2014-01,Cebu,50,mean,6,2,0.3333333333333333,0.1285506306877062,0.1285506306877062,True
2014-01,Cebu,50,p75,6,2,0.3333333333333333,0.08990951801681993,0.08990951801681993,True
2014-01,Cebu,75,mean,6,3,0.5,0.20119586115081414,0.3504233866396784,True
2014-01,Cebu,75,p75,6,3,0.5,0.18363313225779276,0.3547333304241214,True
2014-01,Iloilo,25,mean,6,3,0.5,0.01356936261248298,0.6294740127532688,True
2014-01,Iloilo,25,p75,6,3,0.5,0.02453229807379702,0.6007468616173246,True
2014-01,Iloilo,50,mean,6,4,0.6666666666666666,0.299228490863388,0.7481621527757311,True
2014-01,Iloilo,50,p75,6,4,0.6666666666666666,0.2974427247300886,0.6763358708091328,True
2014-01,Iloilo,75,mean,6,5,0.8333333333333334,0.06164768490108359,0.613523150463883,True
2014-01,Iloilo,75,p75,6,5,0.8333333333333334,0.20761997187144315,0.6779574508078469,True
2014-01,Leyte,25,mean,6,2,0.3333333333333333,0.014375598809910704,0.014375598809910704,True
2014-01,Leyte,25,p75,6,2,0.3333333333333333,0.022597622246790797,0.022597622246790797,True
2014-01,Leyte,50,mean,6,3,0.5,0.01600796396521425,0.557538425930841,True
2014-01,Leyte,50,p75,6,3,0.5,0.05159228989631273,0.5396499106198581,True
2014-01,Leyte,75,mean,6,3,0.5,0.02380893277980311,0.44945095191197953,True
2014-01,Leyte,75,p75,6,3,0.5,0.14182895784414115,0.49236293504990164,True
2014-01,Palawan,25,mean,6,4,0.6666666666666666,0.004524663988650335,0.11122058747310358,True
2014-01,Palawan,25,p75,6,4,0.6666666666666666,0.005561802842628069,0.1420082888035102,True
2014-01,Palawan,50,mean,6,5,0.8333333333333334,0.007586121824291086,0.12364993009530738,True
2014-01,Palawan,50,p75,6,5,0.8333333333333334,0.01978616799988479,0.15968059163943304,True
2014-01,Palawan,75,mean,6,5,0.8333333333333334,0.013970338103628278,0.09060420470769162,True
2014-01,Palawan,75,p75,6,5,0.8333333333333334,0.036547594330065616,0.14801821312782631,True
2014-01,Samar,25,mean,6,2,0.3333333333333333,0.007190525931514249,0.007190525931514249,True
2014-01,Samar,25,p75,6,2,0.3333333333333333,0.015554987648224671,0.015554987648224671,True
2014-01,Samar,50,mean,6,4,0.6666666666666666,0.012434750083085288,0.4015546983932904,True
2014-01,Samar,50,p75,6,4,0.6666666666666666,0.07079854533763488,0.43213503168149314,True
2014-01,Samar,75,mean,6,4,0.6666666666666666,0.03762536735086337,0.35514794361984553,True
2014-01,Samar,75,p75,6,4,0.6666666666666666,0.19061426831467995,0.4447182946812017,True
2014-02,Aklan,25,mean,6,3,0.5,0.014018042239799607,0.09641371511120046,True
2014-02,Aklan,25,p75,6,3,0.5,0.018617025512609447,0.08963175897984545,True
2014-02,Aklan,50,mean,6,3,0.5,0.024197978026493306,0.08949385863112234,True
2014-02,Aklan,50,p75,6,3,0.5,0.1108534350203431,0.14106034874305953,True
2014-02,Aklan,75,mean,6,3,0.5,0.060713971891916525,0.11752376242920731,True
2014-02,Aklan,75,p75,6,3,0.5,0.24287402784857945,0.21185366674064024,True
2014-02,Capiz,25,mean,6,3,0.5,0.014600732808286295,0.10310402349705865,True
2014-02,Capiz,25,p75,6,3,0.5,0.01673047126460816,0.08783835830566743,True
2014-02,Capiz,50,mean,6,3,0.5,0.03804919210890102,0.13454589654923924,True
2014-02,Capiz,50,p75,6,3,0.5,0.13861812654596578,0.1730917778400478,True
2014-02,Capiz,75,mean,6,3,0.5,0.11988353826351686,0.17169378472964877,True
2014-02,Capiz,75,p75,6,3,0.5,0.325636016988741,0.26836169316119446,True
2014-02,Cebu,25,mean,6,2,0.3333333333333333,0.23574413579960377,0.23574413579960377,True
2014-02,Cebu,25,p75,6,2,0.3333333333333333,0.1315929293947304,0.1315929293947304,True
2014-02,Cebu,50,mean,6,2,0.3333333333333333,0.23157133487722653,0.23157133487722653,True
2014-02,Cebu,50,p75,6,2,0.3333333333333333,0.2349359467499052,0.2349359467499052,True
2014-02,Cebu,75,mean,6,2,0.3333333333333333,0.2730666980197782,0.2730666980197782,True
2014-02,Cebu,75,p75,6,2,0.3333333333333333,0.345346697113033,0.345346697113033,True
2014-02,Iloilo,25,mean,6,3,0.5,0.02887955707250776,0.11898027814916906,True
2014-02,Iloilo,25,p75,6,3,0.5,0.025685986807420333,0.09555139161976876,True
2014-02,Iloilo,50,mean,6,3,0.5,0.10753076551556255,0.2090933352964314,True
2014-02,Iloilo,50,p75,6,3,0.5,0.1768100803991055,0.21191007435775813,True
2014-02,Iloilo,75,mean,6,3,0.5,0.1394573926626968,0.20090939962508955,True
2014-02,Iloilo,75,p75,6,3,0.5,0.34816758941491677,0.29785447518675484,True
2014-02,Leyte,25,mean,6,2,0.3333333333333333,0.22377810764709632,0.22377810764709632,True
2014-02,Leyte,25,p75,6,2,0.3333333333333333,0.21923651848352627,0.21923651848352627,True
2014-02,Leyte,50,mean,6,2,0.3333333333333333,0.27156824214015435,0.27156824214015435,True
2014-02,Leyte,50,p75,6,2,0.3333333333333333,0.2873437106445224,0.2873437106445224,True
2014-02,Leyte,75,mean,6,2,0.3333333333333333,0.2945164786963165,0.2945164786963165,True
2014-02,Leyte,75,p75,6,2,0.3333333333333333,0.36720728746237474,0.36720728746237474,True
2014-02,Palawan,25,mean,6,3,0.5,0.004047832227562722,0.055793136376857504,True
2014-02,Palawan,25,p75,6,3,0.5,0.003449264528971172,0.05965959980307441,True
2014-02,Palawan,50,mean,6,3,0.5,0.0042372337885755364,0.07378410246843801,True
2014-02,Palawan,50,p75,6,3,0.5,0.023135069591603084,0.07893668669479646,True
2014-02,Palawan,75,mean,6,3,0.5,-0.003789968420256931,0.08272657877470994,True
2014-02,Palawan,75,p75,6,3,0.5,0.04341314842539796,0.07969273990625124,True
2014-02,Samar,25,mean,6,2,0.3333333333333333,0.3944635024376957,0.3944635024376957,True
2014-02,Samar,25,p75,6,2,0.3333333333333333,0.35283028086525997,0.35283028086525997,True
2014-02,Samar,50,mean,6,2,0.3333333333333333,0.46070080073519937,0.46070080073519937,True
2014-02,Samar,50,p75,6,2,0.3333333333333333,0.5110239563400825,0.5110239563400825,True
2014-02,Samar,75,mean,6,2,0.3333333333333333,0.38782178747164736,0.38782178747164736,True
2014-02,Samar,75,p75,6,2,0.3333333333333333,0.5043496613039704,0.5043496613039704,True
2014-03,Aklan,25,mean,6,6,1.0,0.09019680837624641,0.14645881761786703,True
2014-03,Aklan,25,p75,6,6,1.0,0.09810717211044892,0.1288136567802426,True
2014-03,Aklan,50,mean,6,6,1.0,0.14531680574246614,0.17094674500772625,True
2014-03,Aklan,50,p75,6,6,1.0,0.2421245226858645,0.2764806097938122,True
2014-03,Aklan,75,mean,6,6,1.0,0.26578392110972204,0.24125040824289903,True
2014-03,Aklan,75,p75,6,6,1.0,0.3652930271897342,0.3619029688795339,True
2014-03,Capiz,25,mean,6,5,0.8333333333333334,0.0426987896163907,0.1431510948745888,True
2014-03,Capiz,25,p75,6,5,0.8333333333333334,0.06048800721692585,0.10946615577006477,True
2014-03,Capiz,50,mean,6,6,1.0,0.17761036429081986,0.24628195001757047,True
2014-03,Capiz,50,p75,6,6,1.0,0.2906441208226812,0.3372981171914588,True
2014-03,Capiz,75,mean,6,6,1.0,0.3174320526907547,0.3258185140036478,True
2014-03,Capiz,75,p75,6,6,1.0,0.42370503674173277,0.46398844519790555,True
2014-03,Cebu,25,mean,6,5,0.8333333333333334,0.2675547877711131,0.32917559845678346,True
2014-03,Cebu,25,p75,6,5,0.8333333333333334,0.09483733948424083,0.18923213660842703,True
2014-03,Cebu,50,mean,6,5,0.8333333333333334,0.22975987480433402,0.35304424121788147,True
2014-03,Cebu,50,p75,6,5,0.8333333333333334,0.21391701339089192,0.3727788827217512,True
2014-03,Cebu,75,mean,6,5,0.8333333333333334,0.2049461712804052,0.38055766900210647,True
2014-03,Cebu,75,p75,6,5,0.8333333333333334,0.3666592519269055,0.4860324080557694,True
2014-03,Iloilo,25,mean,6,5,0.8333333333333334,0.059046103532454854,0.13955280988588648,True
2014-03,Iloilo,25,p75,6,5,0.8333333333333334,0.07671898332560945,0.11213900983674792,True
2014-03,Iloilo,50,mean,6,6,1.0,0.23407122084729004,0.3042834100887353,True
2014-03,Iloilo,50,p75,6,6,1.0,0.35638374600671885,0.35555152075076063,True
2014-03,Iloilo,75,mean,6,6,1.0,0.29095867319431234,0.3344706879490817,True
2014-03,Iloilo,75,p75,6,6,1.0,0.4585964815083212,0.462090006861795,True
2014-03,Leyte,25,mean,6,5,0.8333333333333334,0.04868690512354039,0.20131479669831878,True
2014-03,Leyte,25,p75,6,5,0.8333333333333334,0.08186997181395987,0.1873382711335143,True
2014-03,Leyte,50,mean,6,5,0.8333333333333334,0.08401450661829517,0.2925743938337037,True
2014-03,Leyte,50,p75,6,5,0.8333333333333334,0.2708267876923134,0.44326818721532923,True
2014-03,Leyte,75,mean,6,6,1.0,0.2147824529298153,0.35041007367239096,True
2014-03,Leyte,75,p75,6,6,1.0,0.46042451233144976,0.5786496333059804,True
2014-03,Palawan,25,mean,6,6,1.0,0.03293605622608402,0.06802473087504007,True
2014-03,Palawan,25,p75,6,6,1.0,0.03284511520072137,0.06947121694865972,True
2014-03,Palawan,50,mean,6,6,1.0,0.07541053558438805,0.10804194089793816,True
2014-03,Palawan,50,p75,6,6,1.0,0.10311937149726859,0.15491624564916234,True
2014-03,Palawan,75,mean,6,6,1.0,0.1040206300769602,0.13093703634371476,True
2014-03,Palawan,75,p75,6,6,1.0,0.1436176175543537,0.1507772234667733,True
2014-03,Samar,25,mean,6,6,1.0,0.05673565355736049,0.15536666946414568,True
2014-03,Samar,25,p75,6,6,1.0,0.0820645152401546,0.159405256848268,True
2014-03,Samar,50,mean,6,6,1.0,0.13082082471720569,0.3021148238834661,True
2014-03,Samar,50,p75,6,6,1.0,0.3016003596054345,0.4519501896407517,True
2014-03,Samar,75,mean,6,6,1.0,0.22508058370976936,0.3865140389786817,True
2014-03,Samar,75,p75,6,6,1.0,0.517171737333572,0.6177283675050248,True
2014-04,Aklan,25,mean,6,5,0.8333333333333334,0.19259806285668354,0.5062527947020634,True
2014-04,Aklan,25,p75,6,5,0.8333333333333334,0.2018108042211625,0.6676391542400576,True
2014-04,Aklan,50,mean,6,6,1.0,0.2617765199734179,0.3703916674901082,True
2014-04,Aklan,50,p75,6,6,1.0,0.453317925956018,0.5127985772782755,True
2014-04,Aklan,75,mean,6,6,1.0,0.3130004870321103,0.313539215066417,True
2014-04,Aklan,75,p75,6,6,1.0,0.453836611836708,0.42931276707345933,True
2014-04,Capiz,25,mean,6,5,0.8333333333333334,0.1886057258754472,0.5304036156625269,True
2014-04,Capiz,25,p75,6,5,0.8333333333333334,0.19352368547768056,0.7227648957575499,True
2014-04,Capiz,50,mean,6,6,1.0,0.42394328467094955,0.501480012520243,True
2014-04,Capiz,50,p75,6,6,1.0,0.6239457842262659,0.7030747726550671,True
2014-04,Capiz,75,mean,6,6,1.0,0.4570433256720886,0.41743863479930265,True
2014-04,Capiz,75,p75,6,6,1.0,0.5808741113788832,0.5436832912167319,True
2014-04,Cebu,25,mean,6,5,0.8333333333333334,0.47059650316617724,0.6365313782977775,True
2014-04,Cebu,25,p75,6,5,0.8333333333333334,0.2643220988149218,0.6130914629985205,True
2014-04,Cebu,50,mean,6,5,0.8333333333333334,0.590967566510958,0.6336086637852768,True
2014-04,Cebu,50,p75,6,5,0.8333333333333334,0.6753839263849699,0.6692532085582903,True
2014-04,Cebu,75,mean,6,6,1.0,0.415005641004646,0.41100057729833583,True
2014-04,Cebu,75,p75,6,6,1.0,0.5399227439094233,0.5554882345914817,True
2014-04,Iloilo,25,mean,6,5,0.8333333333333334,0.1823128866881819,0.7070379895170376,True
2014-04,Iloilo,25,p75,6,5,0.8333333333333334,0.174207592572684,0.9553120461551027,True
2014-04,Iloilo,50,mean,6,6,1.0,0.35049193214773816,0.7101717650485937,True
2014-04,Iloilo,50,p75,6,6,1.0,0.5921954099421655,0.8935611449586104,True
2014-04,Iloilo,75,mean,6,6,1.0,0.4255494455571948,0.48277754426772607,True
2014-04,Iloilo,75,p75,6,6,1.0,0.5855378666690392,0.6593609101554266,True
2014-04,Leyte,25,mean,6,4,0.6666666666666666,0.3238416505263845,0.8259054163943722,True
2014-04,Leyte,25,p75,6,4,0.6666666666666666,0.5169743788781707,1.0384585312727674,True
2014-04,Leyte,50,mean,6,5,0.8333333333333334,0.44812530454457167,0.7884125085278916,True
2014-04,Leyte,50,p75,6,5,0.8333333333333334,0.7783405749661346,0.9741117479389267,True
2014-04,Leyte,75,mean,6,6,1.0,0.5128372233080942,0.5826067352251244,True
2014-04,Leyte,75,p75,6,6,1.0,0.6846947872264711,0.8365808968866015,True
2014-04,Palawan,25,mean,6,4,0.6666666666666666,0.05319403633064981,0.07975101819323789,True
2014-04,Palawan,25,p75,6,4,0.6666666666666666,0.05277256534194701,0.11134049209014094,True
2014-04,Palawan,50,mean,6,6,1.0,0.13737506355103968,0.15436091655595083,True
2014-04,Palawan,50,p75,6,6,1.0,0.16873279724963441,0.18350928184148693,True
2014-04,Palawan,75,mean,6,6,1.0,0.15635971972688473,0.16239479102238827,True
2014-04,Palawan,75,p75,6,6,1.0,0.1968985250848989,0.21894216318277973,True
2014-04,Samar,25,mean,6,4,0.6666666666666666,0.3275198338067519,0.5968079265024793,True
2014-04,Samar,25,p75,6,4,0.6666666666666666,0.4318237063331925,0.7123624197013598,True
2014-04,Samar,50,mean,6,5,0.8333333333333334,0.4396666323077919,0.7195118763214744,True
2014-04,Samar,50,p75,6,5,0.8333333333333334,0.6197994195401783,0.8632254723565393,True
2014-04,Samar,75,mean,6,6,1.0,0.5353152634803753,0.5835335007644332,True
2014-04,Samar,75,p75,6,6,1.0,0.8711489633883533,0.8605704470439296,True
2014-05,Aklan,25,mean,6,3,0.5,0.0308092007634408,0.09685009203982552,True
2014-05,Aklan,25,p75,6,3,0.5,0.03203381943509366,0.09368545100054204,True
2014-05,Aklan,50,mean,6,5,0.8333333333333334,0.07809704223008078,0.138700256892007,True
2014-05,Aklan,50,p75,6,5,0.8333333333333334,0.15731984694184345,0.25874129318162703,True
2014-05,Aklan,75,mean,6,6,1.0,0.22670063843361102,0.3049212083791767,True
2014-05,Aklan,75,p75,6,6,1.0,0.427521761284812,0.4126300452978162,True
2014-05,Capiz,25,mean,6,2,0.3333333333333333,0.1600187807158537,0.1600187807158537,True
2014-05,Capiz,25,p75,6,2,0.3333333333333333,0.1300083561335599,0.1300083561335599,True
2014-05,Capiz,50,mean,6,5,0.8333333333333334,0.0966749841362354,0.18038581606015108,True
2014-05,Capiz,50,p75,6,5,0.8333333333333334,0.22200947795273845,0.2841638486344801,True
2014-05,Capiz,75,mean,6,6,1.0,0.2939483534489863,0.34103089808918546,True
2014-05,Capiz,75,p75,6,6,1.0,0.45136648412595703,0.43624293733868824,True
2014-05,Cebu,25,mean,6,3,0.5,0.13278339489878058,0.20903311245386827,True
2014-05,Cebu,25,p75,6,3,0.5,0.05678259489303069,0.12268858330775,True
2014-05,Cebu,50,mean,6,4,0.6666666666666666,0.09411096045249795,0.17174777123859886,True
2014-05,Cebu,50,p75,6,4,0.6666666666666666,0.12795125015581027,0.24269474181128148,True
2014-05,Cebu,75,mean,6,5,0.8333333333333334,0.0979758660716148,0.30534807452516644,True
2014-05,Cebu,75,p75,6,5,0.8333333333333334,0.2458842617549638,0.3853993578881768,True
2014-05,Iloilo,25,mean,6,1,0.16666666666666666,0.2902029207579536,0.2902029207579536,False
2014-05,Iloilo,25,p75,6,1,0.16666666666666666,0.24356226944995274,0.24356226944995274,False
2014-05,Iloilo,50,mean,6,4,0.6666666666666666,0.1669422646691858,0.22516406006112227,True
2014-05,Iloilo,50,p75,6,4,0.6666666666666666,0.28307084721672604,0.33170777382759065,True
2014-05,Iloilo,75,mean,6,6,1.0,0.2554918627426555,0.32011859447398366,True
2014-05,Iloilo,75,p75,6,6,1.0,0.44048337035082474,0.44736935348835516,True
2014-05,Leyte,25,mean,6,3,0.5,0.028269120324473165,0.1343706205059451,True
2014-05,Leyte,25,p75,6,3,0.5,0.02747818450021187,0.11728847666730936,True
2014-05,Leyte,50,mean,6,4,0.6666666666666666,0.10717294982786255,0.1782305746236152,True
2014-05,Leyte,50,p75,6,4,0.6666666666666666,0.1547795320458523,0.26835646411279096,True
2014-05,Leyte,75,mean,6,5,0.8333333333333334,0.11650741975625244,0.2798975966855851,True
2014-05,Leyte,75,p75,6,5,0.8333333333333334,0.24387911921734556,0.3706996205386616,True
2014-05,Palawan,25,mean,6,3,0.5,0.027059221513037107,0.06713894632816252,True
2014-05,Palawan,25,p75,6,3,0.5,0.03241400122674105,0.052378840528692884,True
2014-05,Palawan,50,mean,6,5,0.8333333333333334,0.1818386350231433,0.1472747998075641,True
2014-05,Palawan,50,p75,6,5,0.8333333333333334,0.17870412584866605,0.17279786310594028,True
2014-05,Palawan,75,mean,6,6,1.0,0.2156801446776624,0.27078335330260445,True
2014-05,Palawan,75,p75,6,6,1.0,0.29850612963932394,0.34124368608459754,True
2014-05,Samar,25,mean,6,3,0.5,0.02347438057493162,0.10118798341032803,True
2014-05,Samar,25,p75,6,3,0.5,0.02366050181522638,0.0966990263434868,True
2014-05,Samar,50,mean,6,4,0.6666666666666666,0.09184128317591395,0.17323884248867757,True
2014-05,Samar,50,p75,6,4,0.6666666666666666,0.14194417944938054,0.2604576705214624,True
2014-05,Samar,75,mean,6,5,0.8333333333333334,0.12511738157944427,0.32311902476486665,True
2014-05,Samar,75,p75,6,5,0.8333333333333334,0.25303033423982535,0.384052316167685,True
2014-06,Aklan,25,mean,6,2,0.3333333333333333,0.09311765299647867,0.09311765299647867,True
2014-06,Aklan,25,p75,6,2,0.3333333333333333,0.0971453299841127,0.0971453299841127,True
2014-06,Aklan,50,mean,6,4,0.6666666666666666,0.07982825412668244,0.09904191419963383,True
2014-06,Aklan,50,p75,6,4,0.6666666666666666,0.12575760135901976,0.15030904949875432,True
2014-06,Aklan,75,mean,6,4,0.6666666666666666,0.1424697098501493,0.16834089302077737,True
2014-06,Aklan,75,p75,6,4,0.6666666666666666,0.3095411161719398,0.4740503414712084,True
2014-06,Capiz,25,mean,6,3,0.5,0.015165962910789562,0.07404936476951168,True
2014-06,Capiz,25,p75,6,3,0.5,0.012108626258704734,0.06685666062587334,True
2014-06,Capiz,50,mean,6,4,0.6666666666666666,0.08737883381850066,0.09227587176902048,True
2014-06,Capiz,50,p75,6,4,0.6666666666666666,0.1015628267827427,0.11878328579930636,True
2014-06,Capiz,75,mean,6,4,0.6666666666666666,0.19155088370546067,0.19931909032538503,True
2014-06,Capiz,75,p75,6,4,0.6666666666666666,0.45777418686799237,0.42035952571948704,True
2014-06,Cebu,25,mean,6,4,0.6666666666666666,0.20616585778625152,0.24818572530750174,True
2014-06,Cebu,25,p75,6,4,0.6666666666666666,0.11824863195769642,0.19349252575696402,True
2014-06,Cebu,50,mean,6,5,0.8333333333333334,0.2445336495370864,0.7052710105185577,True
2014-06,Cebu,50,p75,6,5,0.8333333333333334,0.19287302013206659,0.45393423540598654,True
2014-06,Cebu,75,mean,6,5,0.8333333333333334,0.36492008012223726,0.46580505330765976,True
2014-06,Cebu,75,p75,6,5,0.8333333333333334,0.5334691791907846,0.5629972038577694,True
2014-06,Iloilo,25,mean,6,3,0.5,0.0151193694579453,0.04417164733095801,True
2014-06,Iloilo,25,p75,6,3,0.5,0.013935225838917993,0.039709295029562656,True
2014-06,Iloilo,50,mean,6,4,0.6666666666666666,0.11297002480731463,0.14316257897841594,True
2014-06,Iloilo,50,p75,6,4,0.6666666666666666,0.14808926975185221,0.23881162540861506,True
2014-06,Iloilo,75,mean,6,4,0.6666666666666666,0.22198537958021414,0.22395449600896555,True
2014-06,Iloilo,75,p75,6,4,0.6666666666666666,0.573732458286093,0.5372438961171183,True
2014-06,Leyte,25,mean,6,4,0.6666666666666666,0.1039546270979227,0.1090716857343535,True
2014-06,Leyte,25,p75,6,4,0.6666666666666666,0.10344869895539414,0.10482525779625754,True
2014-06,Leyte,50,mean,6,4,0.6666666666666666,0.14663051364673135,0.1471771709174537,True
2014-06,Leyte,50,p75,6,4,0.6666666666666666,0.14143105718593935,0.22386829412177972,True
2014-06,Leyte,75,mean,6,5,0.8333333333333334,0.09068059182126857,0.20207687550236106,True
2014-06,Leyte,75,p75,6,5,0.8333333333333334,0.38384035047035137,0.3441276679303331,True
2014-06,Palawan,25,mean,6,0,0.0,,,False
2014-06,Palawan,25,p75,6,0,0.0,,,False
2014-06,Palawan,50,mean,6,2,0.3333333333333333,0.08570559393352703,0.08570559393352703,True
2014-06,Palawan,50,p75,6,2,0.3333333333333333,0.10051764145502826,0.10051764145502826,True
2014-06,Palawan,75,mean,6,3,0.5,0.4682349757126518,0.49174350098427727,True
2014-06,Palawan,75,p75,6,3,0.5,0.5788157617242163,0.7848745370604889,True
2014-06,Samar,25,mean,6,4,0.6666666666666666,0.08153279448939846,0.103060287796398,True
2014-06,Samar,25,p75,6,4,0.6666666666666666,0.08533681486339843,0.12427668281573544,True
2014-06,Samar,50,mean,6,4,0.6666666666666666,0.1574514140459286,0.17415079712079176,True
2014-06,Samar,50,p75,6,4,0.6666666666666666,0.24821285612855312,0.2607668387847428,True
2014-06,Samar,75,mean,6,5,0.8333333333333334,0.06535609813254577,0.21941665992332998,True
2014-06,Samar,75,p75,6,5,0.8333333333333334,0.17002015637198598,0.3030286218291084,True
2014-07,Aklan,25,mean,6,2,0.3333333333333333,-0.009622373393812323,-0.009622373393812323,True
2014-07,Aklan,25,p75,6,2,0.3333333333333333,0.0005232196365457628,0.0005232196365457628,True
2014-07,Aklan,50,mean,6,2,0.3333333333333333,-0.022781402793424593,-0.022781402793424593,True
2014-07,Aklan,50,p75,6,2,0.3333333333333333,-0.0005860660888912066,-0.0005860660888912066,True
2014-07,Aklan,75,mean,6,2,0.3333333333333333,-0.007736529543062094,-0.007736529543062094,True
2014-07,Aklan,75,p75,6,2,0.3333333333333333,0.07686443921788669,0.07686443921788669,True
2014-07,Capiz,25,mean,6,2,0.3333333333333333,-0.008644929927937042,-0.008644929927937042,True
2014-07,Capiz,25,p75,6,2,0.3333333333333333,0.0026965964510424906,0.0026965964510424906,True
2014-07,Capiz,50,mean,6,2,0.3333333333333333,-0.000314823572673352,-0.000314823572673352,True
2014-07,Capiz,50,p75,6,2,0.3333333333333333,0.01587163541077232,0.01587163541077232,True
2014-07,Capiz,75,mean,6,2,0.3333333333333333,0.08702366108899312,0.08702366108899312,True
2014-07,Capiz,75,p75,6,2,0.3333333333333333,0.2238734498140919,0.2238734498140919,True
2014-07,Cebu,25,mean,6,2,0.3333333333333333,0.07135308999823398,0.07135308999823398,True
2014-07,Cebu,25,p75,6,2,0.3333333333333333,0.05519837857913447,0.05519837857913447,True
2014-07,Cebu,50,mean,6,3,0.5,0.12309292410974979,0.2502083643403728,True
2014-07,Cebu,50,p75,6,3,0.5,0.11733436989652778,0.29807465514957826,True
2014-07,Cebu,75,mean,6,3,0.5,0.21952184136466593,0.2935876595152665,True
2014-07,Cebu,75,p75,6,3,0.5,0.32950001243193044,0.42222471185781046,True
2014-07,Iloilo,25,mean,6,2,0.3333333333333333,0.021218914698326194,0.021218914698326194,True
2014-07,Iloilo,25,p75,6,2,0.3333333333333333,0.029517708142202243,0.029517708142202243,True
2014-07,Iloilo,50,mean,6,2,0.3333333333333333,0.081861663756175,0.081861663756175,True
2014-07,Iloilo,50,p75,6,2,0.3333333333333333,0.09847134755937281,0.09847134755937281,True
2014-07,Iloilo,75,mean,6,2,0.3333333333333333,0.1481583388330749,0.1481583388330749,True
2014-07,Iloilo,75,p75,6,2,0.3333333333333333,0.3064740192896525,0.3064740192896525,True
2014-07,Leyte,25,mean,6,2,0.3333333333333333,0.26123677206875995,0.26123677206875995,True
2014-07,Leyte,25,p75,6,2,0.3333333333333333,0.21340599515943334,0.21340599515943334,True
2014-07,Leyte,50,mean,6,2,0.3333333333333333,0.36679008687534354,0.36679008687534354,True
2014-07,Leyte,50,p75,6,2,0.3333333333333333,0.4774621731460868,0.4774621731460868,True
2014-07,Leyte,75,mean,6,2,0.3333333333333333,0.4437215821074418,0.4437215821074418,True
2014-07,Leyte,75,p75,6,2,0.3333333333333333,0.5781125536092021,0.5781125536092021,True
2014-07,Palawan,25,mean,6,2,0.3333333333333333,0.26296689305001386,0.26296689305001386,True
2014-07,Palawan,25,p75,6,2,0.3333333333333333,0.2483995670285225,0.2483995670285225,True
2014-07,Palawan,50,mean,6,3,0.5,-0.014758192354877587,0.28898081753484034,True
2014-07,Palawan,50,p75,6,3,0.5,0.009273291935661255,0.35768645515633063,True
2014-07,Palawan,75,mean,6,3,0.5,-0.03773175251067921,0.2708938028962992,True
2014-07,Palawan,75,p75,6,3,0.5,0.041033285710815076,0.34077269336463095,True
2014-07,Samar,25,mean,6,2,0.3333333333333333,0.19679097367759657,0.19679097367759657,True
2014-07,Samar,25,p75,6,2,0.3333333333333333,0.18479197554904905,0.18479197554904905,True
2014-07,Samar,50,mean,6,2,0.3333333333333333,0.3577664777562656,0.3577664777562656,True
2014-07,Samar,50,p75,6,2,0.3333333333333333,0.4363550980225593,0.4363550980225593,True
2014-07,Samar,75,mean,6,2,0.3333333333333333,0.41998855278139574,0.41998855278139574,True
2014-07,Samar,75,p75,6,2,0.3333333333333333,0.49797274387591883,0.49797274387591883,True
2014-08,Aklan,25,mean,6,0,0.0,,,False
2014-08,Aklan,25,p75,6,0,0.0,,,False
2014-08,Aklan,50,mean,6,1,0.16666666666666666,0.7703461567562806,0.7703461567562806,False
2014-08,Aklan,50,p75,6,1,0.16666666666666666,0.582796728699656,0.582796728699656,False
2014-08,Aklan,75,mean,6,1,0.16666666666666666,0.10839345604770916,0.10839345604770916,False
2014-08,Aklan,75,p75,6,1,0.16666666666666666,0.18863925944975596,0.18863925944975596,False
2014-08,Capiz,25,mean,6,0,0.0,,,False
2014-08,Capiz,25,p75,6,0,0.0,,,False
2014-08,Capiz,50,mean,6,1,0.16666666666666666,1.1057299983512177,1.1057299983512177,False
2014-08,Capiz,50,p75,6,1,0.16666666666666666,0.8247234642445599,0.8247234642445599,False
2014-08,Capiz,75,mean,6,2,0.3333333333333333,0.534138770204527,0.534138770204527,True
2014-08,Capiz,75,p75,6,2,0.3333333333333333,0.5545790791839423,0.5545790791839423,True
2014-08,Cebu,25,mean,6,0,0.0,,,False
2014-08,Cebu,25,p75,6,0,0.0,,,False
2014-08,Cebu,50,mean,6,1,0.16666666666666666,9.160892917237906,9.160892917237906,False
2014-08,Cebu,50,p75,6,1,0.16666666666666666,1.8018146480788628,1.8018146480788628,False
2014-08,Cebu,75,mean,6,2,0.3333333333333333,0.861681717528396,0.861681717528396,True
2014-08,Cebu,75,p75,6,2,0.3333333333333333,0.6832261518237477,0.6832261518237477,True
2014-08,Iloilo,25,mean,6,0,0.0,,,False
2014-08,Iloilo,25,p75,6,0,0.0,,,False
2014-08,Iloilo,50,mean,6,1,0.16666666666666666,2.8737334867679576,2.8737334867679576,False
2014-08,Iloilo,50,p75,6,1,0.16666666666666666,1.1190017655605058,1.1190017655605058,False
2014-08,Iloilo,75,mean,6,2,0.3333333333333333,0.5745171739883156,0.5745171739883156,True
2014-08,Iloilo,75,p75,6,2,0.3333333333333333,0.5903781401114444,0.5903781401114444,True
2014-08,Leyte,25,mean,6,1,0.16666666666666666,0.005903752428906146,0.005903752428906146,False
2014-08,Leyte,25,p75,6,1,0.16666666666666666,0.00590351865856687,0.00590351865856687,False
2014-08,Leyte,50,mean,6,2,0.3333333333333333,0.8475169055377787,0.8475169055377787,True
2014-08,Leyte,50,p75,6,2,0.3333333333333333,0.7275395165591023,0.7275395165591023,True
2014-08,Leyte,75,mean,6,3,0.5,0.19878907644145097,0.31507001665415685,True
2014-08,Leyte,75,p75,6,3,0.5,0.41288993066714486,0.43075391048311135,True
2014-08,Palawan,25,mean,6,0,0.0,,,False
2014-08,Palawan,25,p75,6,0,0.0,,,False
2014-08,Palawan,50,mean,6,1,0.16666666666666666,-0.006950883774824902,-0.006950883774824902,False
2014-08,Palawan,50,p75,6,1,0.16666666666666666,0.16954621230965708,0.16954621230965708,False
2014-08,Palawan,75,mean,6,2,0.3333333333333333,0.21034575308485345,0.21034575308485345,True
2014-08,Palawan,75,p75,6,2,0.3333333333333333,0.34525252010487617,0.34525252010487617,True
2014-08,Samar,25,mean,6,1,0.16666666666666666,0.00503784996799749,0.00503784996799749,False
2014-08,Samar,25,p75,6,1,0.16666666666666666,0.0056072546825809465,0.0056072546825809465,False
2014-08,Samar,50,mean,6,2,0.3333333333333333,0.49248027532088084,0.49248027532088084,True
2014-08,Samar,50,p75,6,2,0.3333333333333333,0.6333833792214915,0.6333833792214915,True
2014-08,Samar,75,mean,6,3,0.5,0.22384724648929974,0.32300551502939945,True
2014-08,Samar,75,p75,6,3,0.5,0.4521379034857213,0.434319336452685,True
2014-09,Aklan,25,mean,6,2,0.3333333333333333,0.2429644381286314,0.2429644381286314,True
2014-09,Aklan,25,p75,6,2,0.3333333333333333,0.2426649871812631,0.2426649871812631,True
2014-09,Aklan,50,mean,6,3,0.5,0.4877747651034004,0.39517748492563176,True
2014-09,Aklan,50,p75,6,3,0.5,0.5528622878778549,0.41525231838649623,True
2014-09,Aklan,75,mean,6,3,0.5,0.6062826666019969,0.4456577491201114,True
2014-09,Aklan,75,p75,6,3,0.5,0.5400761306281737,0.5038108937516937,True
2014-09,Capiz,25,mean,6,2,0.3333333333333333,0.25929435348432467,0.25929435348432467,True
2014-09,Capiz,25,p75,6,2,0.3333333333333333,0.2432572174279879,0.2432572174279879,True
2014-09,Capiz,50,mean,6,3,0.5,0.5611762503571897,0.41266148387486484,True
2014-09,Capiz,50,p75,6,3,0.5,0.5511181891500997,0.4316439157644565,True
2014-09,Capiz,75,mean,6,3,0.5,0.6010627214426106,0.4867665835270853,True
2014-09,Capiz,75,p75,6,3,0.5,0.5313042402326106,0.537593980565017,True
2014-09,Cebu,25,mean,6,2,0.3333333333333333,0.5348516737717556,0.5348516737717556,True
2014-09,Cebu,25,p75,6,2,0.3333333333333333,0.31266319071851384,0.31266319071851384,True
2014-09,Cebu,50,mean,6,3,0.5,0.5402340324547118,0.4621031224211425,True
2014-09,Cebu,50,p75,6,3,0.5,0.4231277155914939,0.41044825218579467,True
2014-09,Cebu,75,mean,6,3,0.5,0.5483086785214409,0.46943365632916567,True
2014-09,Cebu,75,p75,6,3,0.5,0.44800918170321624,0.5127671959536608,True
2014-09,Iloilo,25,mean,6,2,0.3333333333333333,0.22078828672084458,0.22078828672084458,True
2014-09,Iloilo,25,p75,6,2,0.3333333333333333,0.2349555924780226,0.2349555924780226,True
2014-09,Iloilo,50,mean,6,3,0.5,0.5838308740656803,0.44748299920828766,True
2014-09,Iloilo,50,p75,6,3,0.5,0.5444235098696216,0.456507691307783,True
2014-09,Iloilo,75,mean,6,3,0.5,0.6533498329191005,0.5592831308277689,True
2014-09,Iloilo,75,p75,6,3,0.5,0.6029637038808363,0.6015385476220008,True
2014-09,Leyte,25,mean,6,2,0.3333333333333333,0.2060464396147496,0.2060464396147496,True
2014-09,Leyte,25,p75,6,2,0.3333333333333333,0.20420836364792613,0.20420836364792613,True
2014-09,Leyte,50,mean,6,3,0.5,0.4381338860291922,0.34980561154902207,True
2014-09,Leyte,50,p75,6,3,0.5,0.40254524045891527,0.37066827197644675,True
2014-09,Leyte,75,mean,6,3,0.5,0.4610825591261671,0.3606703415727189,True
2014-09,Leyte,75,p75,6,3,0.5,0.4129389868024662,0.44394595212294724,True
2014-09,Palawan,25,mean,6,2,0.3333333333333333,0.14809485778112114,0.14809485778112114,True
2014-09,Palawan,25,p75,6,2,0.3333333333333333,0.13369517817229834,0.13369517817229834,True
2014-09,Palawan,50,mean,6,2,0.3333333333333333,0.21109279029246095,0.21109279029246095,True
2014-09,Palawan,50,p75,6,2,0.3333333333333333,0.28354954703670476,0.28354954703670476,True
2014-09,Palawan,75,mean,6,2,0.3333333333333333,0.2651550757413808,0.2651550757413808,True
2014-09,Palawan,75,p75,6,2,0.3333333333333333,0.39989393358844405,0.39989393358844405,True
2014-09,Samar,25,mean,6,3,0.5,0.3136788150670382,0.31975193973446686,True
2014-09,Samar,25,p75,6,3,0.5,0.262605266235208,0.3607873485195339,True
2014-09,Samar,50,mean,6,3,0.5,0.5585419316970117,0.4277697868835539,True
2014-09,Samar,50,p75,6,3,0.5,0.5791773554446373,0.4845103086798635,True
2014-09,Samar,75,mean,6,3,0.5,0.6392498819085619,0.4612751437138667,True
2014-09,Samar,75,p75,6,3,0.5,0.696513440503874,0.5274970813202934,True
2014-10,Aklan,25,mean,6,2,0.3333333333333333,0.06967427254733509,0.06967427254733509,True
2014-10,Aklan,25,p75,6,2,0.3333333333333333,0.07270561005896416,0.07270561005896416,True
2014-10,Aklan,50,mean,6,3,0.5,0.05159183106860486,0.10773657242743535,True
2014-10,Aklan,50,p75,6,3,0.5,0.09063606500237452,0.13662463911522302,True
2014-10,Aklan,75,mean,6,3,0.5,0.06943531639904545,0.162554768417447,True
2014-10,Aklan,75,p75,6,3,0.5,0.17900021868771437,0.20024156721169603,True
2014-10,Capiz,25,mean,6,2,0.3333333333333333,0.08888721624842981,0.08888721624842981,True
2014-10,Capiz,25,p75,6,2,0.3333333333333333,0.08160087721110972,0.08160087721110972,True
2014-10,Capiz,50,mean,6,3,0.5,0.0328253002823901,0.11470950726123337,True
2014-10,Capiz,50,p75,6,3,0.5,0.06367434254980867,0.152181588818762,True
2014-10,Capiz,75,mean,6,3,0.5,0.07317385751886821,0.18166972945611784,True
2014-10,Capiz,75,p75,6,3,0.5,0.17938638177297658,0.24377028963049927,True
2014-10,Cebu,25,mean,6,2,0.3333333333333333,0.23254809187877853,0.23254809187877853,True
2014-10,Cebu,25,p75,6,2,0.3333333333333333,0.09199256866406161,0.09199256866406161,True
2014-10,Cebu,50,mean,6,2,0.3333333333333333,0.27173551085332687,0.27173551085332687,True
2014-10,Cebu,50,p75,6,2,0.3333333333333333,0.1748467086160534,0.1748467086160534,True
2014-10,Cebu,75,mean,6,2,0.3333333333333333,0.28332254118896016,0.28332254118896016,True
2014-10,Cebu,75,p75,6,2,0.3333333333333333,0.19920990626759988,0.19920990626759988,True
2014-10,Iloilo,25,mean,6,2,0.3333333333333333,0.1960884731507824,0.1960884731507824,True
2014-10,Iloilo,25,p75,6,2,0.3333333333333333,0.18135487758856403,0.18135487758856403,True
2014-10,Iloilo,50,mean,6,3,0.5,0.07232777649416552,0.19976834228827353,True
2014-10,Iloilo,50,p75,6,3,0.5,0.09713636335233086,0.215327599503896,True
2014-10,Iloilo,75,mean,6,3,0.5,0.07780494402109482,0.20095730936100553,True
2014-10,Iloilo,75,p75,6,3,0.5,0.1476760734882976,0.27192404200913556,True
2014-10,Leyte,25,mean,6,2,0.3333333333333333,0.14215318878968503,0.14215318878968503,True
2014-10,Leyte,25,p75,6,2,0.3333333333333333,0.11013586759194748,0.11013586759194748,True
2014-10,Leyte,50,mean,6,2,0.3333333333333333,0.24530966863881612,0.24530966863881612,True
2014-10,Leyte,50,p75,6,2,0.3333333333333333,0.2364491331808947,0.2364491331808947,True
2014-10,Leyte,75,mean,6,3,0.5,0.060065076683324274,0.21587096413186468,True
2014-10,Leyte,75,p75,6,3,0.5,0.16069121619723242,0.2748980461258171,True
2014-10,Palawan,25,mean,6,2,0.3333333333333333,0.014910502414894798,0.014910502414894798,True
2014-10,Palawan,25,p75,6,2,0.3333333333333333,0.01524806904658484,0.01524806904658484,True
2014-10,Palawan,50,mean,6,3,0.5,0.1459939327749539,0.18175408083018119,True
2014-10,Palawan,50,p75,6,3,0.5,0.10124012490240344,0.1647469144651061,True
2014-10,Palawan,75,mean,6,4,0.6666666666666666,0.25762506441900374,0.2947509039779168,True
2014-10,Palawan,75,p75,6,4,0.6666666666666666,0.336722300954289,0.35835783400911936,True
2014-10,Samar,25,mean,6,3,0.5,0.01830100744641352,0.06595292743933494,True
2014-10,Samar,25,p75,6,3,0.5,0.019744362036208957,0.06596713975205165,True
2014-10,Samar,50,mean,6,3,0.5,0.03041957504305348,0.1485590819885545,True
2014-10,Samar,50,p75,6,3,0.5,0.060642104285436496,0.1770744384461845,True
2014-10,Samar,75,mean,6,3,0.5,0.042461719636000046,0.20095089146926634,True
2014-10,Samar,75,p75,6,3,0.5,0.11106754305296436,0.2668320349135392,True
