generated_at,attestation_chain,status,method,iso3,iso2,country,subregion,upgrade_queue_class,pm25_locations_in_committed_panel,pm25_exposure_ugm3,baseline_gap_top5,zero_public_monitor_above_guideline,top_positive_gdp_residual,query_status,openaq_location_id,openaq_location_name,openaq_country_code,openaq_country_name,latitude,longitude,station_coordinate_available,coordinate_quality_status,coordinate_in_target_country_bbox,owner_name,provider_name,owner_or_provider_available,monitor_grade_available,first_seen,first_seen_available,last_seen,last_seen_available,is_mobile,is_monitor,pm25_sensor_count,parameter_tokens,license_names,station_radius_coordinate_input_available,station_radius_analysis_ready,non_claim
2026-06-19T06:27:19Z,ai-first,computed,air_monitoring_openaq_station_metadata_fetch_v1,AFG,AF,Afghanistan,South Asia,baseline_top5_and_positive_gdp_residual,2,46.09,True,False,True,computed,8556,Kabul,AF,Afghanistan,34.554384,69.204597,True,target_country_bbox_match,True,Unknown Governmental Organization,AirNow,True,False,2019-10-28T19:30:00Z,True,2021-08-15T13:30:00Z,True,False,True,1,2;pm25,US Public Domain,True,False,"This public-source access pass queries OpenAQ v3 location metadata for the air-monitoring upgrade queue. It does not validate monitor grade, does not prove no monitor exists outside OpenAQ, does not create a regulatory inventory, and does not estimate station-radius population coverage."
2026-06-19T06:27:19Z,ai-first,computed,air_monitoring_openaq_station_metadata_fetch_v1,AFG,AF,Afghanistan,South Asia,baseline_top5_and_positive_gdp_residual,2,46.09,True,False,True,computed,10482,US Diplomatic Post: Kabul,AF,Afghanistan,34.535812,69.190514,True,target_country_bbox_match,True,Unknown Governmental Organization,StateAir Kabul,True,False,2019-10-20T23:00:00Z,True,2021-08-16T18:00:00Z,True,False,True,1,2;pm25,,True,False,"This public-source access pass queries OpenAQ v3 location metadata for the air-monitoring upgrade queue. It does not validate monitor grade, does not prove no monitor exists outside OpenAQ, does not create a regulatory inventory, and does not estimate station-radius population coverage."
2026-06-19T06:27:19Z,ai-first,computed,air_monitoring_openaq_station_metadata_fetch_v1,BGD,BD,Bangladesh,South Asia,baseline_top5_and_positive_gdp_residual,20,42.38,True,False,True,computed,22,SPARTAN - Dhaka University,BD,Bangladesh,23.728,90.398,True,target_country_bbox_match,True,Unknown Governmental Organization,Spartan,True,False,,False,,False,False,True,1,2;pm25,,True,False,"This public-source access pass queries OpenAQ v3 location metadata for the air-monitoring upgrade queue. It does not validate monitor grade, does not prove no monitor exists outside OpenAQ, does not create a regulatory inventory, and does not estimate station-radius population coverage."
2026-06-19T06:27:19Z,ai-first,computed,air_monitoring_openaq_station_metadata_fetch_v1,BGD,BD,Bangladesh,South Asia,baseline_top5_and_positive_gdp_residual,20,42.38,True,False,True,computed,2445,US Diplomatic Post: Dhaka,BD,Bangladesh,23.797687,90.423698,True,target_country_bbox_match,True,Unknown Governmental Organization,StateAir Dhaka,True,False,2016-03-10T22:00:00Z,True,2016-11-09T16:00:00Z,True,False,True,1,2;pm25,,True,False,"This public-source access pass queries OpenAQ v3 location metadata for the air-monitoring upgrade queue. It does not validate monitor grade, does not prove no monitor exists outside OpenAQ, does not create a regulatory inventory, and does not estimate station-radius population coverage."
2026-06-19T06:27:19Z,ai-first,computed,air_monitoring_openaq_station_metadata_fetch_v1,BGD,BD,Bangladesh,South Asia,baseline_top5_and_positive_gdp_residual,20,42.38,True,False,True,computed,8415,Dhaka,BD,Bangladesh,23.796374,90.424614,True,target_country_bbox_match,True,Unknown Governmental Organization,AirNow,True,False,2016-11-09T18:00:00Z,True,2025-03-24T13:00:00Z,True,False,True,1,10;2;o3;o₃;pm25,US Public Domain,True,False,"This public-source access pass queries OpenAQ v3 location metadata for the air-monitoring upgrade queue. It does not validate monitor grade, does not prove no monitor exists outside OpenAQ, does not create a regulatory inventory, and does not estimate station-radius population coverage."
2026-06-19T06:27:19Z,ai-first,computed,air_monitoring_openaq_station_metadata_fetch_v1,BGD,BD,Bangladesh,South Asia,baseline_top5_and_positive_gdp_residual,20,42.38,True,False,True,computed,1285342,SPARTAN - Dhaka University,BD,Bangladesh,23.7284,90.3982,True,target_country_bbox_match,True,Unknown Governmental Organization,SPARTAN Network,True,False,,False,,False,False,True,1,2;pm25,,True,False,"This public-source access pass queries OpenAQ v3 location metadata for the air-monitoring upgrade queue. It does not validate monitor grade, does not prove no monitor exists outside OpenAQ, does not create a regulatory inventory, and does not estimate station-radius population coverage."
2026-06-19T06:27:19Z,ai-first,computed,air_monitoring_openaq_station_metadata_fetch_v1,BGD,BD,Bangladesh,South Asia,baseline_top5_and_positive_gdp_residual,20,42.38,True,False,True,computed,3194367,"Dept. of Public Health and Informatics, Jahangirnagar University",BD,Bangladesh,23.888280501941725,90.26536993068466,True,target_country_bbox_match,True,Unknown Person,AirGradient,True,False,2024-10-28T08:00:00Z,True,2026-05-21T10:00:00Z,True,False,False,1,1;100;125;19;2;98;pm03count;pm1;pm10;pm25;relativehumidity;rh;temperature;temperature(c);um003,CC BY 4.0,True,False,"This public-source access pass queries OpenAQ v3 location metadata for the air-monitoring upgrade queue. It does not validate monitor grade, does not prove no monitor exists outside OpenAQ, does not create a regulatory inventory, and does not estimate station-radius population coverage."
2026-06-19T06:27:19Z,ai-first,computed,air_monitoring_openaq_station_metadata_fetch_v1,BGD,BD,Bangladesh,South Asia,baseline_top5_and_positive_gdp_residual,20,42.38,True,False,True,computed,5105944,smart air bangladesh office,BD,Bangladesh,23.780810956001233,90.42464769681916,True,target_country_bbox_match,True,AirGradient,AirGradient,True,False,2025-07-17T09:00:00Z,True,2025-10-22T05:00:00Z,True,False,False,1,125;19;2;pm03count;pm1;pm25;um003,CC BY 4.0,True,False,"This public-source access pass queries OpenAQ v3 location metadata for the air-monitoring upgrade queue. It does not validate monitor grade, does not prove no monitor exists outside OpenAQ, does not create a regulatory inventory, and does not estimate station-radius population coverage."
2026-06-19T06:27:19Z,ai-first,computed,air_monitoring_openaq_station_metadata_fetch_v1,BGD,BD,Bangladesh,South Asia,baseline_top5_and_positive_gdp_residual,20,42.38,True,False,True,computed,6157905,"RAJUK Uttara Apartment Project, Sector - 18, Uttara",BD,Bangladesh,23.856237,90.356837,True,target_country_bbox_match,True,AirGradient,AirGradient,True,False,2025-12-09T11:00:00Z,True,2026-06-19T06:00:00Z,True,False,False,1,100;125;19;2;98;pm03count;pm1;pm25;relativehumidity;rh;temperature;temperature(c);um003,CC BY 4.0,True,False,"This public-source access pass queries OpenAQ v3 location metadata for the air-monitoring upgrade queue. It does not validate monitor grade, does not prove no monitor exists outside OpenAQ, does not create a regulatory inventory, and does not estimate station-radius population coverage."
2026-06-19T06:27:19Z,ai-first,computed,air_monitoring_openaq_station_metadata_fetch_v1,BGD,BD,Bangladesh,South Asia,baseline_top5_and_positive_gdp_residual,20,42.38,True,False,True,computed,6219691,"Abdullahbag, North Badda",BD,Bangladesh,23.78935,90.43179,True,target_country_bbox_match,True,AirGradient,AirGradient,True,False,2026-01-29T07:00:00Z,True,2026-01-29T12:00:00Z,True,False,False,1,100;125;19;2;98;pm03count;pm1;pm25;relativehumidity;rh;temperature;temperature(c);um003,CC BY 4.0,True,False,"This public-source access pass queries OpenAQ v3 location metadata for the air-monitoring upgrade queue. It does not validate monitor grade, does not prove no monitor exists outside OpenAQ, does not create a regulatory inventory, and does not estimate station-radius population coverage."
2026-06-19T06:27:19Z,ai-first,computed,air_monitoring_openaq_station_metadata_fetch_v1,BGD,BD,Bangladesh,South Asia,baseline_top5_and_positive_gdp_residual,20,42.38,True,False,True,computed,6219798,"Kalijung,Gazipur",BD,Bangladesh,23.900352,90.539333,True,target_country_bbox_match,True,AirGradient,AirGradient,True,False,2026-01-29T09:00:00Z,True,2026-02-05T05:00:00Z,True,False,False,1,100;125;19;2;98;pm03count;pm1;pm25;relativehumidity;rh;temperature;temperature(c);um003,CC BY 4.0,True,False,"This public-source access pass queries OpenAQ v3 location metadata for the air-monitoring upgrade queue. It does not validate monitor grade, does not prove no monitor exists outside OpenAQ, does not create a regulatory inventory, and does not estimate station-radius population coverage."
2026-06-19T06:27:19Z,ai-first,computed,air_monitoring_openaq_station_metadata_fetch_v1,BGD,BD,Bangladesh,South Asia,baseline_top5_and_positive_gdp_residual,20,42.38,True,False,True,computed,6234078,Kaliganj | Gazipur | Smart Air Bangladesh,BD,Bangladesh,23.900343,90.539289,True,target_country_bbox_match,True,Smart Air Bangladesh,AirGradient,True,False,2026-02-09T05:00:00Z,True,2026-06-19T06:00:00Z,True,False,False,1,100;125;19;2;98;pm03count;pm1;pm25;relativehumidity;rh;temperature;temperature(c);um003,CC BY 4.0,True,False,"This public-source access pass queries OpenAQ v3 location metadata for the air-monitoring upgrade queue. It does not validate monitor grade, does not prove no monitor exists outside OpenAQ, does not create a regulatory inventory, and does not estimate station-radius population coverage."
2026-06-19T06:27:19Z,ai-first,computed,air_monitoring_openaq_station_metadata_fetch_v1,BGD,BD,Bangladesh,South Asia,baseline_top5_and_positive_gdp_residual,20,42.38,True,False,True,computed,6234363,Gulshan Society Lake Park | Dhaka | Smart Air Bangladesh,BD,Bangladesh,23.801435,90.410545,True,target_country_bbox_match,True,Smart Air Bangladesh,AirGradient,True,False,2026-02-09T11:00:00Z,True,2026-06-19T06:00:00Z,True,False,False,1,100;125;19;2;98;pm03count;pm1;pm25;relativehumidity;rh;temperature;temperature(c);um003,CC BY 4.0,True,False,"This public-source access pass queries OpenAQ v3 location metadata for the air-monitoring upgrade queue. It does not validate monitor grade, does not prove no monitor exists outside OpenAQ, does not create a regulatory inventory, and does not estimate station-radius population coverage."
2026-06-19T06:27:19Z,ai-first,computed,air_monitoring_openaq_station_metadata_fetch_v1,BGD,BD,Bangladesh,South Asia,baseline_top5_and_positive_gdp_residual,20,42.38,True,False,True,computed,6236590,"Hazaribagh, Jigatola | Dhaka | Smart Air Bangladesh",BD,Bangladesh,23.740437369394463,90.37358367755498,True,target_country_bbox_match,True,Smart Air Bangladesh,AirGradient,True,False,2026-02-11T13:00:00Z,True,2026-06-19T06:00:00Z,True,False,False,1,100;125;19;2;98;pm03count;pm1;pm25;relativehumidity;rh;temperature;temperature(c);um003,CC BY 4.0,True,False,"This public-source access pass queries OpenAQ v3 location metadata for the air-monitoring upgrade queue. It does not validate monitor grade, does not prove no monitor exists outside OpenAQ, does not create a regulatory inventory, and does not estimate station-radius population coverage."
2026-06-19T06:27:19Z,ai-first,computed,air_monitoring_openaq_station_metadata_fetch_v1,BGD,BD,Bangladesh,South Asia,baseline_top5_and_positive_gdp_residual,20,42.38,True,False,True,computed,6240023,"Dhanmondi, Road No. 7 | Dhaka l Smart Air Bangladesh",BD,Bangladesh,23.744966,90.383485,True,target_country_bbox_match,True,Smart Air Bangladesh,AirGradient,True,False,2026-02-14T17:00:00Z,True,2026-06-19T06:00:00Z,True,False,False,1,100;125;19;2;98;pm03count;pm1;pm25;relativehumidity;rh;temperature;temperature(c);um003,CC BY 4.0,True,False,"This public-source access pass queries OpenAQ v3 location metadata for the air-monitoring upgrade queue. It does not validate monitor grade, does not prove no monitor exists outside OpenAQ, does not create a regulatory inventory, and does not estimate station-radius population coverage."
2026-06-19T06:27:19Z,ai-first,computed,air_monitoring_openaq_station_metadata_fetch_v1,BGD,BD,Bangladesh,South Asia,baseline_top5_and_positive_gdp_residual,20,42.38,True,False,True,computed,6240773,"North Badda, Abdullahbag | Dhaka l Smart Air Bangladesh",BD,Bangladesh,23.78930160418681,90.43181041772891,True,target_country_bbox_match,True,Smart Air Bangladesh,AirGradient,True,False,2026-02-15T10:00:00Z,True,2026-06-19T06:00:00Z,True,False,False,1,100;125;19;2;98;pm03count;pm1;pm25;relativehumidity;rh;temperature;temperature(c);um003,CC BY 4.0,True,False,"This public-source access pass queries OpenAQ v3 location metadata for the air-monitoring upgrade queue. It does not validate monitor grade, does not prove no monitor exists outside OpenAQ, does not create a regulatory inventory, and does not estimate station-radius population coverage."
2026-06-19T06:27:19Z,ai-first,computed,air_monitoring_openaq_station_metadata_fetch_v1,BGD,BD,Bangladesh,South Asia,baseline_top5_and_positive_gdp_residual,20,42.38,True,False,True,computed,6242079,Moghbazar; Bhodro Goli | Dhaka | Smart Air Bangladesh,BD,Bangladesh,23.751525098776487,90.40418346811546,True,target_country_bbox_match,True,Smart Air Bangladesh,AirGradient,True,False,2026-02-16T11:00:00Z,True,2026-06-19T06:00:00Z,True,False,False,1,100;125;19;2;98;pm03count;pm1;pm25;relativehumidity;rh;temperature;temperature(c);um003,CC BY 4.0,True,False,"This public-source access pass queries OpenAQ v3 location metadata for the air-monitoring upgrade queue. It does not validate monitor grade, does not prove no monitor exists outside OpenAQ, does not create a regulatory inventory, and does not estimate station-radius population coverage."
2026-06-19T06:27:19Z,ai-first,computed,air_monitoring_openaq_station_metadata_fetch_v1,BGD,BD,Bangladesh,South Asia,baseline_top5_and_positive_gdp_residual,20,42.38,True,False,True,computed,6242232,"Baridhara, Park Road | Dhaka l Smart Air Bangladesh",BD,Bangladesh,23.8015,90.42206,True,target_country_bbox_match,True,Smart Air Bangladesh,AirGradient,True,False,2026-02-16T16:00:00Z,True,2026-06-19T06:00:00Z,True,False,False,1,100;125;19;2;98;pm03count;pm1;pm25;relativehumidity;rh;temperature;temperature(c);um003,CC BY 4.0,True,False,"This public-source access pass queries OpenAQ v3 location metadata for the air-monitoring upgrade queue. It does not validate monitor grade, does not prove no monitor exists outside OpenAQ, does not create a regulatory inventory, and does not estimate station-radius population coverage."
2026-06-19T06:27:19Z,ai-first,computed,air_monitoring_openaq_station_metadata_fetch_v1,BGD,BD,Bangladesh,South Asia,baseline_top5_and_positive_gdp_residual,20,42.38,True,False,True,computed,6251395,"Mirpur, Shewrapara | Dhaka | Smart Air Bangladesh",BD,Bangladesh,23.787855,90.3728743,True,target_country_bbox_match,True,AirGradient,AirGradient,True,False,2026-02-24T18:00:00Z,True,2026-06-17T14:00:00Z,True,False,False,1,100;125;19;2;98;pm03count;pm1;pm25;relativehumidity;rh;temperature;temperature(c);um003,CC BY 4.0,True,False,"This public-source access pass queries OpenAQ v3 location metadata for the air-monitoring upgrade queue. It does not validate monitor grade, does not prove no monitor exists outside OpenAQ, does not create a regulatory inventory, and does not estimate station-radius population coverage."
2026-06-19T06:27:19Z,ai-first,computed,air_monitoring_openaq_station_metadata_fetch_v1,BGD,BD,Bangladesh,South Asia,baseline_top5_and_positive_gdp_residual,20,42.38,True,False,True,computed,6271076,Baridhara Lakeside,BD,Bangladesh,23.805806130405518,90.41580533677225,True,target_country_bbox_match,True,AirGradient,AirGradient,True,False,2026-03-14T04:00:00Z,True,2026-06-18T13:00:00Z,True,False,False,1,100;125;19;2;98;pm03count;pm1;pm25;relativehumidity;rh;temperature;temperature(c);um003,CC BY 4.0,True,False,"This public-source access pass queries OpenAQ v3 location metadata for the air-monitoring upgrade queue. It does not validate monitor grade, does not prove no monitor exists outside OpenAQ, does not create a regulatory inventory, and does not estimate station-radius population coverage."
2026-06-19T06:27:19Z,ai-first,computed,air_monitoring_openaq_station_metadata_fetch_v1,BGD,BD,Bangladesh,South Asia,baseline_top5_and_positive_gdp_residual,20,42.38,True,False,True,computed,6313504,Sensor No -01,BD,Bangladesh,23.780512,90.423122,True,target_country_bbox_match,True,AirGradient,AirGradient,True,False,2026-04-19T11:00:00Z,True,2026-04-26T10:00:00Z,True,False,False,1,100;125;19;2;98;pm03count;pm1;pm25;relativehumidity;rh;temperature;temperature(c);um003,CC BY 4.0,True,False,"This public-source access pass queries OpenAQ v3 location metadata for the air-monitoring upgrade queue. It does not validate monitor grade, does not prove no monitor exists outside OpenAQ, does not create a regulatory inventory, and does not estimate station-radius population coverage."
2026-06-19T06:27:19Z,ai-first,computed,air_monitoring_openaq_station_metadata_fetch_v1,BGD,BD,Bangladesh,South Asia,baseline_top5_and_positive_gdp_residual,20,42.38,True,False,True,computed,6314693,Monitor no -5,BD,Bangladesh,23.823305,90.440429,True,target_country_bbox_match,True,AirGradient,AirGradient,True,False,2026-04-20T09:00:00Z,True,2026-04-26T09:00:00Z,True,False,False,1,100;125;19;2;98;pm03count;pm1;pm25;relativehumidity;rh;temperature;temperature(c);um003,CC BY 4.0,True,False,"This public-source access pass queries OpenAQ v3 location metadata for the air-monitoring upgrade queue. It does not validate monitor grade, does not prove no monitor exists outside OpenAQ, does not create a regulatory inventory, and does not estimate station-radius population coverage."
2026-06-19T06:27:19Z,ai-first,computed,air_monitoring_openaq_station_metadata_fetch_v1,BGD,BD,Bangladesh,South Asia,baseline_top5_and_positive_gdp_residual,20,42.38,True,False,True,computed,6322838,Sensor No -03,BD,Bangladesh,23.785969,90.427902,True,target_country_bbox_match,True,AirGradient,AirGradient,True,False,2026-04-26T07:00:00Z,True,2026-04-26T10:00:00Z,True,False,False,1,100;125;19;2;98;pm03count;pm1;pm25;relativehumidity;rh;temperature;temperature(c);um003,CC BY 4.0,True,False,"This public-source access pass queries OpenAQ v3 location metadata for the air-monitoring upgrade queue. It does not validate monitor grade, does not prove no monitor exists outside OpenAQ, does not create a regulatory inventory, and does not estimate station-radius population coverage."
2026-06-19T06:27:19Z,ai-first,computed,air_monitoring_openaq_station_metadata_fetch_v1,BGD,BD,Bangladesh,South Asia,baseline_top5_and_positive_gdp_residual,20,42.38,True,False,True,computed,6322839,Sensor No -04,BD,Bangladesh,23.823305,90.440429,True,target_country_bbox_match,True,AirGradient,AirGradient,True,False,2026-04-26T07:00:00Z,True,2026-04-26T09:00:00Z,True,False,False,1,100;125;19;2;98;pm03count;pm1;pm25;relativehumidity;rh;temperature;temperature(c);um003,CC BY 4.0,True,False,"This public-source access pass queries OpenAQ v3 location metadata for the air-monitoring upgrade queue. It does not validate monitor grade, does not prove no monitor exists outside OpenAQ, does not create a regulatory inventory, and does not estimate station-radius population coverage."
2026-06-19T06:27:19Z,ai-first,computed,air_monitoring_openaq_station_metadata_fetch_v1,MMR,MM,Myanmar,Southeast Asia,baseline_top5_and_positive_gdp_residual,3,32.32,True,False,True,computed,7153,Rangoon,MM,Myanmar,16.8256,96.1445,True,target_country_bbox_match,True,Unknown Governmental Organization,AirNow,True,False,2019-06-16T08:00:00Z,True,2025-03-24T23:30:00Z,True,False,True,1,10;2;o3;o₃;pm25,US Public Domain,True,False,"This public-source access pass queries OpenAQ v3 location metadata for the air-monitoring upgrade queue. It does not validate monitor grade, does not prove no monitor exists outside OpenAQ, does not create a regulatory inventory, and does not estimate station-radius population coverage."
2026-06-19T06:27:19Z,ai-first,computed,air_monitoring_openaq_station_metadata_fetch_v1,MMR,MM,Myanmar,Southeast Asia,baseline_top5_and_positive_gdp_residual,3,32.32,True,False,True,computed,5894629,Yangon,MM,Myanmar,16.86421,96.14311,True,target_country_bbox_match,True,AirGradient,AirGradient,True,False,2025-09-24T06:00:00Z,True,2026-06-19T06:00:00Z,True,False,False,1,100;125;19;2;98;pm03count;pm1;pm25;relativehumidity;rh;temperature;temperature(c);um003,CC BY 4.0,True,False,"This public-source access pass queries OpenAQ v3 location metadata for the air-monitoring upgrade queue. It does not validate monitor grade, does not prove no monitor exists outside OpenAQ, does not create a regulatory inventory, and does not estimate station-radius population coverage."
2026-06-19T06:27:19Z,ai-first,computed,air_monitoring_openaq_station_metadata_fetch_v1,MMR,MM,Myanmar,Southeast Asia,baseline_top5_and_positive_gdp_residual,3,32.32,True,False,True,computed,6185910,Strand,MM,Myanmar,16.4689291,97.6215294,True,target_country_bbox_match,True,AirGradient,AirGradient,True,False,2026-01-01T13:00:00Z,True,2026-01-02T04:00:00Z,True,False,False,1,100;125;19;2;98;pm03count;pm1;pm25;relativehumidity;rh;temperature;temperature(c);um003,CC BY 4.0,True,False,"This public-source access pass queries OpenAQ v3 location metadata for the air-monitoring upgrade queue. It does not validate monitor grade, does not prove no monitor exists outside OpenAQ, does not create a regulatory inventory, and does not estimate station-radius population coverage."
2026-06-19T06:27:19Z,ai-first,computed,air_monitoring_openaq_station_metadata_fetch_v1,UZB,UZ,Uzbekistan,Central and West Asia,baseline_top5_and_positive_gdp_residual,5,31.96,True,False,True,computed,8881,US Diplomatic Post: Tashkent,UZ,Uzbekistan,41.3672,69.2725,True,target_country_bbox_match,True,Unknown Governmental Organization,StateAir Tashkent,True,False,2018-11-27T22:00:00Z,True,2025-03-04T12:00:00Z,True,False,True,1,10;2;o3;o₃;pm25,,True,False,"This public-source access pass queries OpenAQ v3 location metadata for the air-monitoring upgrade queue. It does not validate monitor grade, does not prove no monitor exists outside OpenAQ, does not create a regulatory inventory, and does not estimate station-radius population coverage."
2026-06-19T06:27:19Z,ai-first,computed,air_monitoring_openaq_station_metadata_fetch_v1,UZB,UZ,Uzbekistan,Central and West Asia,baseline_top5_and_positive_gdp_residual,5,31.96,True,False,True,computed,4902926,Sputnik-4,UZ,Uzbekistan,41.204655,69.232522,True,target_country_bbox_match,True,AirGradient,AirGradient,True,False,2025-06-29T19:00:00Z,True,2026-01-19T17:00:00Z,True,False,False,1,100;125;19;2;98;pm03count;pm1;pm25;relativehumidity;rh;temperature;temperature(c);um003,CC BY 4.0,True,False,"This public-source access pass queries OpenAQ v3 location metadata for the air-monitoring upgrade queue. It does not validate monitor grade, does not prove no monitor exists outside OpenAQ, does not create a regulatory inventory, and does not estimate station-radius population coverage."
2026-06-19T06:27:19Z,ai-first,computed,air_monitoring_openaq_station_metadata_fetch_v1,UZB,UZ,Uzbekistan,Central and West Asia,baseline_top5_and_positive_gdp_residual,5,31.96,True,False,True,computed,6207769,Oqtosh,UZ,Uzbekistan,39.928233,65.914892,True,target_country_bbox_match,True,AirGradient,AirGradient,True,False,2026-01-20T03:00:00Z,True,2026-02-21T02:00:00Z,True,False,False,1,100;125;19;2;98;pm03count;pm1;pm25;relativehumidity;rh;temperature;temperature(c);um003,CC BY 4.0,True,False,"This public-source access pass queries OpenAQ v3 location metadata for the air-monitoring upgrade queue. It does not validate monitor grade, does not prove no monitor exists outside OpenAQ, does not create a regulatory inventory, and does not estimate station-radius population coverage."
2026-06-19T06:27:19Z,ai-first,computed,air_monitoring_openaq_station_metadata_fetch_v1,UZB,UZ,Uzbekistan,Central and West Asia,baseline_top5_and_positive_gdp_residual,5,31.96,True,False,True,computed,6247413,Oqtosh,UZ,Uzbekistan,39.921664,65.924849,True,target_country_bbox_match,True,AirGradient,AirGradient,True,False,2026-02-21T04:00:00Z,True,2026-06-19T06:00:00Z,True,False,False,1,100;125;19;2;98;pm03count;pm1;pm25;relativehumidity;rh;temperature;temperature(c);um003,CC BY 4.0,True,False,"This public-source access pass queries OpenAQ v3 location metadata for the air-monitoring upgrade queue. It does not validate monitor grade, does not prove no monitor exists outside OpenAQ, does not create a regulatory inventory, and does not estimate station-radius population coverage."
2026-06-19T06:27:19Z,ai-first,computed,air_monitoring_openaq_station_metadata_fetch_v1,TJK,TJ,Tajikistan,Central and West Asia,baseline_top5_monitor_metadata,5,37.05,True,False,False,computed,8684,Dushanbe,TJ,Tajikistan,38.557671,68.775917,True,target_country_bbox_match,True,Unknown Governmental Organization,AirNow,True,False,2019-10-28T19:00:00Z,True,2026-06-19T06:00:00Z,True,False,True,1,2;pm25,US Public Domain,True,False,"This public-source access pass queries OpenAQ v3 location metadata for the air-monitoring upgrade queue. It does not validate monitor grade, does not prove no monitor exists outside OpenAQ, does not create a regulatory inventory, and does not estimate station-radius population coverage."
2026-06-19T06:27:19Z,ai-first,computed,air_monitoring_openaq_station_metadata_fetch_v1,TJK,TJ,Tajikistan,Central and West Asia,baseline_top5_monitor_metadata,5,37.05,True,False,False,computed,9769,US Diplomatic Post: Dushanbe,TJ,Tajikistan,38.579708,68.712176,True,target_country_bbox_match,True,Unknown Governmental Organization,StateAir Dushanbe,True,False,2019-10-20T23:00:00Z,True,2025-03-04T12:00:00Z,True,False,True,1,2;pm25,,True,False,"This public-source access pass queries OpenAQ v3 location metadata for the air-monitoring upgrade queue. It does not validate monitor grade, does not prove no monitor exists outside OpenAQ, does not create a regulatory inventory, and does not estimate station-radius population coverage."
2026-06-19T06:27:19Z,ai-first,computed,air_monitoring_openaq_station_metadata_fetch_v1,TJK,TJ,Tajikistan,Central and West Asia,baseline_top5_monitor_metadata,5,37.05,True,False,False,computed,1236018,19 microdistrict,TJ,Tajikistan,40.2958293,69.6089663,True,target_country_bbox_match,True,Unknown Governmental Organization,AirGradient,True,False,2023-07-15T13:00:00Z,True,2024-12-21T11:00:00Z,True,False,False,1,1;100;125;19;2;98;pm03count;pm1;pm10;pm25;relativehumidity;rh;temperature;temperature(c);um003,CC BY 4.0,True,False,"This public-source access pass queries OpenAQ v3 location metadata for the air-monitoring upgrade queue. It does not validate monitor grade, does not prove no monitor exists outside OpenAQ, does not create a regulatory inventory, and does not estimate station-radius population coverage."
2026-06-19T06:27:19Z,ai-first,computed,air_monitoring_openaq_station_metadata_fetch_v1,TJK,TJ,Tajikistan,Central and West Asia,baseline_top5_monitor_metadata,5,37.05,True,False,False,computed,1894632,Khujand,TJ,Tajikistan,40.30317,69.63906,True,target_country_bbox_match,True,Clarity,Clarity,True,False,2023-11-28T17:00:16Z,True,2026-05-02T05:06:42Z,True,False,False,1,1;100;128;19;2;pm1;pm10;pm25;temperature;temperature(c);temperature(f),CC0 1.0,True,False,"This public-source access pass queries OpenAQ v3 location metadata for the air-monitoring upgrade queue. It does not validate monitor grade, does not prove no monitor exists outside OpenAQ, does not create a regulatory inventory, and does not estimate station-radius population coverage."
2026-06-19T06:27:19Z,ai-first,computed,air_monitoring_openaq_station_metadata_fetch_v1,TJK,TJ,Tajikistan,Central and West Asia,baseline_top5_monitor_metadata,5,37.05,True,False,False,computed,1924313,Khujand,TJ,Tajikistan,40.26804,69.80165,True,target_country_bbox_match,True,Clarity,Clarity,True,False,2023-12-06T04:06:17Z,True,2026-05-02T04:49:25Z,True,False,False,1,1;100;128;19;2;pm1;pm10;pm25;temperature;temperature(c);temperature(f),CC0 1.0,True,False,"This public-source access pass queries OpenAQ v3 location metadata for the air-monitoring upgrade queue. It does not validate monitor grade, does not prove no monitor exists outside OpenAQ, does not create a regulatory inventory, and does not estimate station-radius population coverage."
2026-06-19T06:27:19Z,ai-first,computed,air_monitoring_openaq_station_metadata_fetch_v1,TJK,TJ,Tajikistan,Central and West Asia,baseline_top5_monitor_metadata,5,37.05,True,False,False,computed,6395765,"Hydrometeorological Center, Guliston",TJ,Tajikistan,40.26808,69.80533,True,target_country_bbox_match,True,Clarity,Clarity,True,False,2026-06-09T19:03:51Z,True,2026-06-19T02:51:35Z,True,False,False,1,2;pm25,CC0 1.0,True,False,"This public-source access pass queries OpenAQ v3 location metadata for the air-monitoring upgrade queue. It does not validate monitor grade, does not prove no monitor exists outside OpenAQ, does not create a regulatory inventory, and does not estimate station-radius population coverage."
2026-06-19T06:27:19Z,ai-first,computed,air_monitoring_openaq_station_metadata_fetch_v1,TJK,TJ,Tajikistan,Central and West Asia,baseline_top5_monitor_metadata,5,37.05,True,False,False,computed,6395766,"31 md, Khujand",TJ,Tajikistan,40.3023,69.64034,True,target_country_bbox_match,True,Clarity,Clarity,True,False,2026-06-09T19:15:02Z,True,2026-06-19T02:55:44Z,True,False,False,1,2;pm25,CC0 1.0,True,False,"This public-source access pass queries OpenAQ v3 location metadata for the air-monitoring upgrade queue. It does not validate monitor grade, does not prove no monitor exists outside OpenAQ, does not create a regulatory inventory, and does not estimate station-radius population coverage."
2026-06-19T06:27:19Z,ai-first,computed,air_monitoring_openaq_station_metadata_fetch_v1,AZE,AZ,Azerbaijan,Central and West Asia,positive_gdp_residual_monitor_metadata,1,21.73,False,False,True,computed,353013,Baku,AZ,Azerbaijan,40.386992,49.842946,True,target_country_bbox_match,True,Unknown Governmental Organization,AirNow,True,False,2022-06-23T13:00:00Z,True,2026-06-19T06:00:00Z,True,False,True,1,2;pm25,US Public Domain,True,False,"This public-source access pass queries OpenAQ v3 location metadata for the air-monitoring upgrade queue. It does not validate monitor grade, does not prove no monitor exists outside OpenAQ, does not create a regulatory inventory, and does not estimate station-radius population coverage."
2026-06-19T06:27:19Z,ai-first,computed,air_monitoring_openaq_station_metadata_fetch_v1,AZE,AZ,Azerbaijan,Central and West Asia,positive_gdp_residual_monitor_metadata,1,21.73,False,False,True,computed,6389684,Shuvalan,AZ,Azerbaijan,40.501052,50.182203,True,target_country_bbox_match,True,AirGradient,AirGradient,True,False,2026-06-05T16:00:00Z,True,2026-06-19T06:00:00Z,True,False,False,1,100;125;19;2;98;pm03count;pm1;pm25;relativehumidity;rh;temperature;temperature(c);um003,CC BY 4.0,True,False,"This public-source access pass queries OpenAQ v3 location metadata for the air-monitoring upgrade queue. It does not validate monitor grade, does not prove no monitor exists outside OpenAQ, does not create a regulatory inventory, and does not estimate station-radius population coverage."
2026-06-19T06:27:19Z,ai-first,computed,air_monitoring_openaq_station_metadata_fetch_v1,GEO,GE,Georgia,Central and West Asia,positive_gdp_residual_monitor_metadata,2,17.04,False,False,True,computed,6117861,Racha Antiquities Study and Protection Fund,GE,Georgia,42.578005,43.438649,True,target_country_bbox_match,True,Racha Antiquities Study and Protection Fund,AirGradient,True,False,2025-11-03T10:00:00Z,True,2026-06-13T23:00:00Z,True,False,False,1,100;125;19;2;98;pm03count;pm1;pm25;relativehumidity;rh;temperature;temperature(c);um003,CC BY 4.0,True,False,"This public-source access pass queries OpenAQ v3 location metadata for the air-monitoring upgrade queue. It does not validate monitor grade, does not prove no monitor exists outside OpenAQ, does not create a regulatory inventory, and does not estimate station-radius population coverage."
2026-06-19T06:27:19Z,ai-first,computed,air_monitoring_openaq_station_metadata_fetch_v1,GEO,GE,Georgia,Central and West Asia,positive_gdp_residual_monitor_metadata,2,17.04,False,False,True,computed,6131252,Oni Public School,GE,Georgia,42.5823,43.4374,True,target_country_bbox_match,True,Racha Antiquities Study and Protection Fund,AirGradient,True,False,2025-11-15T11:00:00Z,True,2026-06-19T06:00:00Z,True,False,False,1,100;125;19;2;98;pm03count;pm1;pm25;relativehumidity;rh;temperature;temperature(c);um003,CC BY 4.0,True,False,"This public-source access pass queries OpenAQ v3 location metadata for the air-monitoring upgrade queue. It does not validate monitor grade, does not prove no monitor exists outside OpenAQ, does not create a regulatory inventory, and does not estimate station-radius population coverage."
2026-06-19T06:27:19Z,ai-first,computed,air_monitoring_openaq_station_metadata_fetch_v1,IDN,ID,Indonesia,Southeast Asia,positive_gdp_residual_monitor_metadata,35,17.88,False,False,True,computed,2537,US Diplomatic Post: Jakarta South,ID,Indonesia,-6.236585,106.793335,True,target_country_bbox_match,True,Unknown Governmental Organization,StateAir JakartaSouth,True,False,2016-01-30T01:00:00Z,True,2016-11-09T16:00:00Z,True,False,True,1,2;pm25,,True,False,"This public-source access pass queries OpenAQ v3 location metadata for the air-monitoring upgrade queue. It does not validate monitor grade, does not prove no monitor exists outside OpenAQ, does not create a regulatory inventory, and does not estimate station-radius population coverage."
2026-06-19T06:27:19Z,ai-first,computed,air_monitoring_openaq_station_metadata_fetch_v1,IDN,ID,Indonesia,Southeast Asia,positive_gdp_residual_monitor_metadata,35,17.88,False,False,True,computed,2538,US Diplomatic Post: Jakarta Central,ID,Indonesia,-6.182382,106.834094,True,target_country_bbox_match,True,Unknown Governmental Organization,StateAir JakartaCentral,True,False,2016-01-30T01:00:00Z,True,2016-11-09T16:00:00Z,True,False,True,1,2;pm25,,True,False,"This public-source access pass queries OpenAQ v3 location metadata for the air-monitoring upgrade queue. It does not validate monitor grade, does not prove no monitor exists outside OpenAQ, does not create a regulatory inventory, and does not estimate station-radius population coverage."
2026-06-19T06:27:19Z,ai-first,computed,air_monitoring_openaq_station_metadata_fetch_v1,IDN,ID,Indonesia,Southeast Asia,positive_gdp_residual_monitor_metadata,35,17.88,False,False,True,computed,8320,Jakarta South,ID,Indonesia,-6.236704,106.793244,True,target_country_bbox_match,True,Unknown Governmental Organization,AirNow,True,False,2022-10-03T20:00:00Z,True,2025-11-04T21:00:00Z,True,False,True,1,2;pm25,US Public Domain,True,False,"This public-source access pass queries OpenAQ v3 location metadata for the air-monitoring upgrade queue. It does not validate monitor grade, does not prove no monitor exists outside OpenAQ, does not create a regulatory inventory, and does not estimate station-radius population coverage."
2026-06-19T06:27:19Z,ai-first,computed,air_monitoring_openaq_station_metadata_fetch_v1,IDN,ID,Indonesia,Southeast Asia,positive_gdp_residual_monitor_metadata,35,17.88,False,False,True,computed,8637,Jakarta Central,ID,Indonesia,-6.182536,106.834235,True,target_country_bbox_match,True,Unknown Governmental Organization,AirNow,True,False,2016-11-09T18:00:00Z,True,2025-04-09T14:00:00Z,True,False,True,1,10;2;o3;o₃;pm25,US Public Domain,True,False,"This public-source access pass queries OpenAQ v3 location metadata for the air-monitoring upgrade queue. It does not validate monitor grade, does not prove no monitor exists outside OpenAQ, does not create a regulatory inventory, and does not estimate station-radius population coverage."
2026-06-19T06:27:19Z,ai-first,computed,air_monitoring_openaq_station_metadata_fetch_v1,IDN,ID,Indonesia,Southeast Asia,positive_gdp_residual_monitor_metadata,35,17.88,False,False,True,computed,223262,Cilandek,ID,Indonesia,-6.274138909,106.799896471,True,target_country_bbox_match,True,Unknown Community Organization,HabitatMap,True,False,,False,,False,False,False,1,2;pm25,,True,False,"This public-source access pass queries OpenAQ v3 location metadata for the air-monitoring upgrade queue. It does not validate monitor grade, does not prove no monitor exists outside OpenAQ, does not create a regulatory inventory, and does not estimate station-radius population coverage."
2026-06-19T06:27:19Z,ai-first,computed,air_monitoring_openaq_station_metadata_fetch_v1,IDN,ID,Indonesia,Southeast Asia,positive_gdp_residual_monitor_metadata,35,17.88,False,False,True,computed,223824,Cilandek,ID,Indonesia,-6.274094251,106.79987099,True,target_country_bbox_match,True,Unknown Community Organization,HabitatMap,True,False,,False,,False,False,False,1,2;pm25,,True,False,"This public-source access pass queries OpenAQ v3 location metadata for the air-monitoring upgrade queue. It does not validate monitor grade, does not prove no monitor exists outside OpenAQ, does not create a regulatory inventory, and does not estimate station-radius population coverage."
2026-06-19T06:27:19Z,ai-first,computed,air_monitoring_openaq_station_metadata_fetch_v1,IDN,ID,Indonesia,Southeast Asia,positive_gdp_residual_monitor_metadata,35,17.88,False,False,True,computed,1285347,SPARTAN - ITB Bandung,ID,Indonesia,-6.88842,107.61,True,target_country_bbox_match,True,Unknown Governmental Organization,SPARTAN Network,True,False,2016-08-01T17:00:00Z,True,2018-01-29T10:00:00Z,True,False,True,1,2;pm25,,True,False,"This public-source access pass queries OpenAQ v3 location metadata for the air-monitoring upgrade queue. It does not validate monitor grade, does not prove no monitor exists outside OpenAQ, does not create a regulatory inventory, and does not estimate station-radius population coverage."
2026-06-19T06:27:19Z,ai-first,computed,air_monitoring_openaq_station_metadata_fetch_v1,IDN,ID,Indonesia,Southeast Asia,positive_gdp_residual_monitor_metadata,35,17.88,False,False,True,computed,1367443,Depok,ID,Indonesia,-6.409456,106.856152,True,target_country_bbox_match,True,Unknown Governmental Organization,AirGradient,True,False,2023-08-01T07:00:00Z,True,2025-12-20T07:00:00Z,True,False,False,2,1;100;125;19;2;98;pm03count;pm1;pm10;pm25;relativehumidity;rh;temperature;temperature(c);um003,CC BY 4.0,True,False,"This public-source access pass queries OpenAQ v3 location metadata for the air-monitoring upgrade queue. It does not validate monitor grade, does not prove no monitor exists outside OpenAQ, does not create a regulatory inventory, and does not estimate station-radius population coverage."
2026-06-19T06:27:19Z,ai-first,computed,air_monitoring_openaq_station_metadata_fetch_v1,IDN,ID,Indonesia,Southeast Asia,positive_gdp_residual_monitor_metadata,35,17.88,False,False,True,computed,1489107,Cipete,ID,Indonesia,-6.273957945,106.799961515,True,target_country_bbox_match,True,Unknown Community Organization,HabitatMap,True,False,,False,,False,False,False,1,2;pm25,,True,False,"This public-source access pass queries OpenAQ v3 location metadata for the air-monitoring upgrade queue. It does not validate monitor grade, does not prove no monitor exists outside OpenAQ, does not create a regulatory inventory, and does not estimate station-radius population coverage."
2026-06-19T06:27:19Z,ai-first,computed,air_monitoring_openaq_station_metadata_fetch_v1,IDN,ID,Indonesia,Southeast Asia,positive_gdp_residual_monitor_metadata,35,17.88,False,False,True,computed,1563313,Qoryah Darussalam,ID,Indonesia,-6.3612408,106.8419476,True,target_country_bbox_match,True,Unknown Governmental Organization,AirGradient,True,False,2023-09-12T10:00:00Z,True,2025-10-17T17:00:00Z,True,False,False,1,1;100;125;19;2;98;pm03count;pm1;pm10;pm25;relativehumidity;rh;temperature;temperature(c);um003,CC BY 4.0,True,False,"This public-source access pass queries OpenAQ v3 location metadata for the air-monitoring upgrade queue. It does not validate monitor grade, does not prove no monitor exists outside OpenAQ, does not create a regulatory inventory, and does not estimate station-radius population coverage."
2026-06-19T06:27:19Z,ai-first,computed,air_monitoring_openaq_station_metadata_fetch_v1,IDN,ID,Indonesia,Southeast Asia,positive_gdp_residual_monitor_metadata,35,17.88,False,False,True,computed,1776543,Jihan Fauziah Hamdi,ID,Indonesia,-6.2210686,106.8254998,True,target_country_bbox_match,True,Unknown Person,AirGradient,True,False,2023-10-30T13:00:00Z,True,2024-05-26T00:00:00Z,True,False,False,1,1;100;125;19;2;98;pm03count;pm1;pm10;pm25;relativehumidity;rh;temperature;temperature(c);um003,CC BY 4.0,True,False,"This public-source access pass queries OpenAQ v3 location metadata for the air-monitoring upgrade queue. It does not validate monitor grade, does not prove no monitor exists outside OpenAQ, does not create a regulatory inventory, and does not estimate station-radius population coverage."
2026-06-19T06:27:19Z,ai-first,computed,air_monitoring_openaq_station_metadata_fetch_v1,IDN,ID,Indonesia,Southeast Asia,positive_gdp_residual_monitor_metadata,35,17.88,False,False,True,computed,1894630,Jakarta,ID,Indonesia,-0.60841,100.75508,True,target_country_bbox_match,True,Clarity,Clarity,True,False,2023-11-28T16:55:24Z,True,2026-06-19T03:06:10Z,True,False,False,1,1;100;128;19;2;pm1;pm10;pm25;temperature;temperature(c);temperature(f),CC0 1.0,True,False,"This public-source access pass queries OpenAQ v3 location metadata for the air-monitoring upgrade queue. It does not validate monitor grade, does not prove no monitor exists outside OpenAQ, does not create a regulatory inventory, and does not estimate station-radius population coverage."
2026-06-19T06:27:19Z,ai-first,computed,air_monitoring_openaq_station_metadata_fetch_v1,IDN,ID,Indonesia,Southeast Asia,positive_gdp_residual_monitor_metadata,35,17.88,False,False,True,computed,1894639,Jakarta,ID,Indonesia,-6.09657,106.96135,True,target_country_bbox_match,True,Clarity,Clarity,True,False,2024-01-25T08:36:19Z,True,2026-06-19T02:52:04Z,True,False,False,1,1;100;128;19;2;pm1;pm10;pm25;temperature;temperature(c);temperature(f),CC0 1.0,True,False,"This public-source access pass queries OpenAQ v3 location metadata for the air-monitoring upgrade queue. It does not validate monitor grade, does not prove no monitor exists outside OpenAQ, does not create a regulatory inventory, and does not estimate station-radius population coverage."
2026-06-19T06:27:19Z,ai-first,computed,air_monitoring_openaq_station_metadata_fetch_v1,IDN,ID,Indonesia,Southeast Asia,positive_gdp_residual_monitor_metadata,35,17.88,False,False,True,computed,2071976,Krukut,ID,Indonesia,-6.159382,106.818018,True,target_country_bbox_match,True,Unknown Person,AirGradient,True,False,2024-01-09T08:00:00Z,True,2024-09-10T08:00:00Z,True,False,False,1,1;100;125;19;2;98;pm03count;pm1;pm10;pm25;relativehumidity;rh;temperature;temperature(c);um003,CC BY 4.0,True,False,"This public-source access pass queries OpenAQ v3 location metadata for the air-monitoring upgrade queue. It does not validate monitor grade, does not prove no monitor exists outside OpenAQ, does not create a regulatory inventory, and does not estimate station-radius population coverage."
2026-06-19T06:27:19Z,ai-first,computed,air_monitoring_openaq_station_metadata_fetch_v1,IDN,ID,Indonesia,Southeast Asia,positive_gdp_residual_monitor_metadata,35,17.88,False,False,True,computed,2849176,Margonda Residence 3,ID,Indonesia,-6.386604881271759,106.82669253666032,True,target_country_bbox_match,True,Unknown Person,AirGradient,True,False,2024-05-16T10:00:00Z,True,2024-09-04T05:00:00Z,True,False,False,1,1;100;125;19;2;98;pm03count;pm1;pm10;pm25;relativehumidity;rh;temperature;temperature(c);um003,CC BY 4.0,True,False,"This public-source access pass queries OpenAQ v3 location metadata for the air-monitoring upgrade queue. It does not validate monitor grade, does not prove no monitor exists outside OpenAQ, does not create a regulatory inventory, and does not estimate station-radius population coverage."
2026-06-19T06:27:19Z,ai-first,computed,air_monitoring_openaq_station_metadata_fetch_v1,IDN,ID,Indonesia,Southeast Asia,positive_gdp_residual_monitor_metadata,35,17.88,False,False,True,computed,3037147,Wedomartani,ID,Indonesia,-7.744424,110.417732,True,target_country_bbox_match,True,Unknown Person,AirGradient,True,False,2024-08-28T16:00:00Z,True,2025-03-19T02:00:00Z,True,False,False,1,1;100;125;19;2;98;pm03count;pm1;pm10;pm25;relativehumidity;rh;temperature;temperature(c);um003,CC BY 4.0,True,False,"This public-source access pass queries OpenAQ v3 location metadata for the air-monitoring upgrade queue. It does not validate monitor grade, does not prove no monitor exists outside OpenAQ, does not create a regulatory inventory, and does not estimate station-radius population coverage."
2026-06-19T06:27:19Z,ai-first,computed,air_monitoring_openaq_station_metadata_fetch_v1,IDN,ID,Indonesia,Southeast Asia,positive_gdp_residual_monitor_metadata,35,17.88,False,False,True,computed,3056210,Pasteur Gateway Apartment,ID,Indonesia,-6.8895326,107.5635579,True,target_country_bbox_match,True,Unknown Person,AirGradient,True,False,2024-09-10T08:00:00Z,True,2024-11-04T01:00:00Z,True,False,False,1,1;100;125;19;2;98;pm03count;pm1;pm10;pm25;relativehumidity;rh;temperature;temperature(c);um003,CC BY 4.0,True,False,"This public-source access pass queries OpenAQ v3 location metadata for the air-monitoring upgrade queue. It does not validate monitor grade, does not prove no monitor exists outside OpenAQ, does not create a regulatory inventory, and does not estimate station-radius population coverage."
2026-06-19T06:27:19Z,ai-first,computed,air_monitoring_openaq_station_metadata_fetch_v1,IDN,ID,Indonesia,Southeast Asia,positive_gdp_residual_monitor_metadata,35,17.88,False,False,True,computed,3084738,Jaja,ID,Indonesia,-6.396635576845471,106.8234376822199,True,target_country_bbox_match,True,Unknown Person,AirGradient,True,False,2024-09-29T11:00:00Z,True,2024-10-01T09:00:00Z,True,False,False,1,1;100;125;19;2;98;pm03count;pm1;pm10;pm25;relativehumidity;rh;temperature;temperature(c);um003,CC BY 4.0,True,False,"This public-source access pass queries OpenAQ v3 location metadata for the air-monitoring upgrade queue. It does not validate monitor grade, does not prove no monitor exists outside OpenAQ, does not create a regulatory inventory, and does not estimate station-radius population coverage."
2026-06-19T06:27:19Z,ai-first,computed,air_monitoring_openaq_station_metadata_fetch_v1,IDN,ID,Indonesia,Southeast Asia,positive_gdp_residual_monitor_metadata,35,17.88,False,False,True,computed,3276989,Cipete Jakarta,ID,Indonesia,-6.274033597,106.799931675,True,target_country_bbox_match,True,HabitatMap,HabitatMap,True,False,,False,,False,False,False,1,2;pm25,,True,False,"This public-source access pass queries OpenAQ v3 location metadata for the air-monitoring upgrade queue. It does not validate monitor grade, does not prove no monitor exists outside OpenAQ, does not create a regulatory inventory, and does not estimate station-radius population coverage."
2026-06-19T06:27:19Z,ai-first,computed,air_monitoring_openaq_station_metadata_fetch_v1,IDN,ID,Indonesia,Southeast Asia,positive_gdp_residual_monitor_metadata,35,17.88,False,False,True,computed,3280117,Cipete Jakarta,ID,Indonesia,-6.27404826,106.799946763,True,target_country_bbox_match,True,HabitatMap,HabitatMap,True,False,,False,,False,False,False,1,2;pm25,,True,False,"This public-source access pass queries OpenAQ v3 location metadata for the air-monitoring upgrade queue. It does not validate monitor grade, does not prove no monitor exists outside OpenAQ, does not create a regulatory inventory, and does not estimate station-radius population coverage."
2026-06-19T06:27:19Z,ai-first,computed,air_monitoring_openaq_station_metadata_fetch_v1,IDN,ID,Indonesia,Southeast Asia,positive_gdp_residual_monitor_metadata,35,17.88,False,False,True,computed,3294802,Cipete Dec,ID,Indonesia,-6.274064257,106.799920946,True,target_country_bbox_match,True,HabitatMap,HabitatMap,True,False,,False,,False,False,False,1,2;pm25,,True,False,"This public-source access pass queries OpenAQ v3 location metadata for the air-monitoring upgrade queue. It does not validate monitor grade, does not prove no monitor exists outside OpenAQ, does not create a regulatory inventory, and does not estimate station-radius population coverage."
2026-06-19T06:27:19Z,ai-first,computed,air_monitoring_openaq_station_metadata_fetch_v1,IDN,ID,Indonesia,Southeast Asia,positive_gdp_residual_monitor_metadata,35,17.88,False,False,True,computed,4047633,Yogyakarta,ID,Indonesia,-7.749114049950875,110.3958113663938,True,target_country_bbox_match,True,AirGradient,AirGradient,True,False,2025-04-14T07:00:00Z,True,2025-05-12T02:00:00Z,True,False,False,1,100;125;19;2;98;pm03count;pm1;pm25;relativehumidity;rh;temperature;temperature(c);um003,CC BY 4.0,True,False,"This public-source access pass queries OpenAQ v3 location metadata for the air-monitoring upgrade queue. It does not validate monitor grade, does not prove no monitor exists outside OpenAQ, does not create a regulatory inventory, and does not estimate station-radius population coverage."
2026-06-19T06:27:19Z,ai-first,computed,air_monitoring_openaq_station_metadata_fetch_v1,IDN,ID,Indonesia,Southeast Asia,positive_gdp_residual_monitor_metadata,35,17.88,False,False,True,computed,4826556,Ubud,ID,Indonesia,-8.53036,115.26932,True,target_country_bbox_match,True,Rozendal,AirGradient,True,False,2025-06-22T11:00:00Z,True,2025-12-05T02:00:00Z,True,False,False,1,100;125;19;2;98;pm03count;pm1;pm25;relativehumidity;rh;temperature;temperature(c);um003,CC BY 4.0,True,False,"This public-source access pass queries OpenAQ v3 location metadata for the air-monitoring upgrade queue. It does not validate monitor grade, does not prove no monitor exists outside OpenAQ, does not create a regulatory inventory, and does not estimate station-radius population coverage."
2026-06-19T06:27:19Z,ai-first,computed,air_monitoring_openaq_station_metadata_fetch_v1,IDN,ID,Indonesia,Southeast Asia,positive_gdp_residual_monitor_metadata,35,17.88,False,False,True,computed,5044494,Balangan,ID,Indonesia,-8.8071,115.1408,True,target_country_bbox_match,True,AirGradient,AirGradient,True,False,2025-07-12T04:00:00Z,True,2025-08-06T05:00:00Z,True,False,False,1,100;125;19;2;98;pm03count;pm1;pm25;relativehumidity;rh;temperature;temperature(c);um003,CC BY 4.0,True,False,"This public-source access pass queries OpenAQ v3 location metadata for the air-monitoring upgrade queue. It does not validate monitor grade, does not prove no monitor exists outside OpenAQ, does not create a regulatory inventory, and does not estimate station-radius population coverage."
2026-06-19T06:27:19Z,ai-first,computed,air_monitoring_openaq_station_metadata_fetch_v1,IDN,ID,Indonesia,Southeast Asia,positive_gdp_residual_monitor_metadata,35,17.88,False,False,True,computed,5586536,USU,ID,Indonesia,3.539102,98.615361,True,target_country_bbox_match,True,AirGradient,AirGradient,True,False,2025-10-10T09:00:00Z,True,2026-05-19T14:00:00Z,True,False,False,1,100;125;19;2;98;pm03count;pm1;pm25;relativehumidity;rh;temperature;temperature(c);um003,CC BY 4.0,True,False,"This public-source access pass queries OpenAQ v3 location metadata for the air-monitoring upgrade queue. It does not validate monitor grade, does not prove no monitor exists outside OpenAQ, does not create a regulatory inventory, and does not estimate station-radius population coverage."
2026-06-19T06:27:19Z,ai-first,computed,air_monitoring_openaq_station_metadata_fetch_v1,IDN,ID,Indonesia,Southeast Asia,positive_gdp_residual_monitor_metadata,35,17.88,False,False,True,computed,5599584,Bogor Selatan,ID,Indonesia,-6.62854,106.795046,True,target_country_bbox_match,True,AirGradient,AirGradient,True,False,2025-08-29T08:00:00Z,True,2026-03-02T05:00:00Z,True,False,False,1,100;125;19;2;98;pm03count;pm1;pm25;relativehumidity;rh;temperature;temperature(c);um003,CC BY 4.0,True,False,"This public-source access pass queries OpenAQ v3 location metadata for the air-monitoring upgrade queue. It does not validate monitor grade, does not prove no monitor exists outside OpenAQ, does not create a regulatory inventory, and does not estimate station-radius population coverage."
2026-06-19T06:27:19Z,ai-first,computed,air_monitoring_openaq_station_metadata_fetch_v1,IDN,ID,Indonesia,Southeast Asia,positive_gdp_residual_monitor_metadata,35,17.88,False,False,True,computed,6051931,West Jakarta Mayor Office,ID,Indonesia,-6.18588,106.737892,True,target_country_bbox_match,True,Clean Air Catalyst,Clean Air Catalyst,True,False,2023-09-30T17:00:00Z,True,2025-06-30T16:00:00Z,True,False,True,1,100;2;22;34;98;pm25;relativehumidity;rh;temperature;temperature(c);wind_direction;wind_speed;winddirection;windspeed,,True,False,"This public-source access pass queries OpenAQ v3 location metadata for the air-monitoring upgrade queue. It does not validate monitor grade, does not prove no monitor exists outside OpenAQ, does not create a regulatory inventory, and does not estimate station-radius population coverage."
2026-06-19T06:27:19Z,ai-first,computed,air_monitoring_openaq_station_metadata_fetch_v1,IDN,ID,Indonesia,Southeast Asia,positive_gdp_residual_monitor_metadata,35,17.88,False,False,True,computed,6051932,East Jakarta Mayor Office,ID,Indonesia,-6.214719,106.944138,True,target_country_bbox_match,True,Clean Air Catalyst,Clean Air Catalyst,True,False,2023-09-30T17:00:00Z,True,2025-06-30T16:00:00Z,True,False,True,1,100;19865;19866;2;22;34;98;bc370nm;bc880nm;bc_370;bc_880;pm25;relativehumidity;rh;temperature;temperature(c);wind_direction;wind_speed;winddirection;windspeed,,True,False,"This public-source access pass queries OpenAQ v3 location metadata for the air-monitoring upgrade queue. It does not validate monitor grade, does not prove no monitor exists outside OpenAQ, does not create a regulatory inventory, and does not estimate station-radius population coverage."
2026-06-19T06:27:19Z,ai-first,computed,air_monitoring_openaq_station_metadata_fetch_v1,IDN,ID,Indonesia,Southeast Asia,positive_gdp_residual_monitor_metadata,35,17.88,False,False,True,computed,6051933,Rusunawa Marunda,ID,Indonesia,-6.096695,106.960983,True,target_country_bbox_match,True,Clean Air Catalyst,Clean Air Catalyst,True,False,2023-09-30T17:00:00Z,True,2025-06-30T16:00:00Z,True,False,True,1,100;2;22;34;98;pm25;relativehumidity;rh;temperature;temperature(c);wind_direction;wind_speed;winddirection;windspeed,,True,False,"This public-source access pass queries OpenAQ v3 location metadata for the air-monitoring upgrade queue. It does not validate monitor grade, does not prove no monitor exists outside OpenAQ, does not create a regulatory inventory, and does not estimate station-radius population coverage."
2026-06-19T06:27:19Z,ai-first,computed,air_monitoring_openaq_station_metadata_fetch_v1,IDN,ID,Indonesia,Southeast Asia,positive_gdp_residual_monitor_metadata,35,17.88,False,False,True,computed,6095641,D'Mall Depok,ID,Indonesia,-6.386761061456651,106.82661840203917,True,target_country_bbox_match,True,AirGradient,AirGradient,True,False,2025-10-14T23:00:00Z,True,2025-11-22T14:00:00Z,True,False,False,1,100;125;19;2;98;pm03count;pm1;pm25;relativehumidity;rh;temperature;temperature(c);um003,CC BY 4.0,True,False,"This public-source access pass queries OpenAQ v3 location metadata for the air-monitoring upgrade queue. It does not validate monitor grade, does not prove no monitor exists outside OpenAQ, does not create a regulatory inventory, and does not estimate station-radius population coverage."
2026-06-19T06:27:19Z,ai-first,computed,air_monitoring_openaq_station_metadata_fetch_v1,IDN,ID,Indonesia,Southeast Asia,positive_gdp_residual_monitor_metadata,35,17.88,False,False,True,computed,6103913,SD Muhammadiyah 18 Palembang,ID,Indonesia,-2.9229891,104.7128934,True,target_country_bbox_match,True,Kopernik,AirGradient,True,False,2025-10-22T07:00:00Z,True,2026-06-15T17:00:00Z,True,False,False,1,100;125;19;2;98;pm03count;pm1;pm25;relativehumidity;rh;temperature;temperature(c);um003,CC BY 4.0,True,False,"This public-source access pass queries OpenAQ v3 location metadata for the air-monitoring upgrade queue. It does not validate monitor grade, does not prove no monitor exists outside OpenAQ, does not create a regulatory inventory, and does not estimate station-radius population coverage."
2026-06-19T06:27:19Z,ai-first,computed,air_monitoring_openaq_station_metadata_fetch_v1,IDN,ID,Indonesia,Southeast Asia,positive_gdp_residual_monitor_metadata,35,17.88,False,False,True,computed,6103954,SD Muhammadiyah 1 Palembang,ID,Indonesia,-2.9888432,104.7485507,True,target_country_bbox_match,True,Kopernik,AirGradient,True,False,2025-10-22T08:00:00Z,True,2026-06-19T06:00:00Z,True,False,False,1,100;125;19;2;98;pm03count;pm1;pm25;relativehumidity;rh;temperature;temperature(c);um003,CC BY 4.0,True,False,"This public-source access pass queries OpenAQ v3 location metadata for the air-monitoring upgrade queue. It does not validate monitor grade, does not prove no monitor exists outside OpenAQ, does not create a regulatory inventory, and does not estimate station-radius population coverage."
2026-06-19T06:27:19Z,ai-first,computed,air_monitoring_openaq_station_metadata_fetch_v1,IDN,ID,Indonesia,Southeast Asia,positive_gdp_residual_monitor_metadata,35,17.88,False,False,True,computed,6144741,STT Satyabhakti,ID,Indonesia,-7.9185093,112.651344,True,target_country_bbox_match,True,AirGradient,AirGradient,True,False,2025-11-27T16:00:00Z,True,2026-06-19T06:00:00Z,True,False,False,1,100;125;19;2;98;pm03count;pm1;pm25;relativehumidity;rh;temperature;temperature(c);um003,CC BY 4.0,True,False,"This public-source access pass queries OpenAQ v3 location metadata for the air-monitoring upgrade queue. It does not validate monitor grade, does not prove no monitor exists outside OpenAQ, does not create a regulatory inventory, and does not estimate station-radius population coverage."
2026-06-19T06:27:19Z,ai-first,computed,air_monitoring_openaq_station_metadata_fetch_v1,IDN,ID,Indonesia,Southeast Asia,positive_gdp_residual_monitor_metadata,35,17.88,False,False,True,computed,6313205,SD Muhammadiyah 6/14 Palembang,ID,Indonesia,-2.9581344,104.7367501,True,target_country_bbox_match,True,Kopernik,AirGradient,True,False,2026-04-19T03:00:00Z,True,2026-05-20T08:00:00Z,True,False,False,1,100;125;19;2;98;pm03count;pm1;pm25;relativehumidity;rh;temperature;temperature(c);um003,CC BY 4.0,True,False,"This public-source access pass queries OpenAQ v3 location metadata for the air-monitoring upgrade queue. It does not validate monitor grade, does not prove no monitor exists outside OpenAQ, does not create a regulatory inventory, and does not estimate station-radius population coverage."
2026-06-19T06:27:19Z,ai-first,computed,air_monitoring_openaq_station_metadata_fetch_v1,IDN,ID,Indonesia,Southeast Asia,positive_gdp_residual_monitor_metadata,35,17.88,False,False,True,computed,6403967,"Kuwum, Bali",ID,Indonesia,-8.661245,115.16204,True,target_country_bbox_match,True,AirGradient,AirGradient,True,False,2026-06-15T13:00:00Z,True,2026-06-19T06:00:00Z,True,False,False,1,100;125;19;2;98;pm03count;pm1;pm25;relativehumidity;rh;temperature;temperature(c);um003,CC BY 4.0,True,False,"This public-source access pass queries OpenAQ v3 location metadata for the air-monitoring upgrade queue. It does not validate monitor grade, does not prove no monitor exists outside OpenAQ, does not create a regulatory inventory, and does not estimate station-radius population coverage."
2026-06-19T06:27:19Z,ai-first,computed,air_monitoring_openaq_station_metadata_fetch_v1,IDN,ID,Indonesia,Southeast Asia,positive_gdp_residual_monitor_metadata,35,17.88,False,False,True,computed,6404859,Umadawa,ID,Indonesia,-8.492994479130525,115.30036092298013,True,target_country_bbox_match,True,AirGradient,AirGradient,True,False,2026-06-16T05:00:00Z,True,2026-06-19T06:00:00Z,True,False,False,1,100;125;19;2;98;pm03count;pm1;pm25;relativehumidity;rh;temperature;temperature(c);um003,CC BY 4.0,True,False,"This public-source access pass queries OpenAQ v3 location metadata for the air-monitoring upgrade queue. It does not validate monitor grade, does not prove no monitor exists outside OpenAQ, does not create a regulatory inventory, and does not estimate station-radius population coverage."
2026-06-19T06:27:19Z,ai-first,computed,air_monitoring_openaq_station_metadata_fetch_v1,LKA,LK,Sri Lanka,South Asia,positive_gdp_residual_monitor_metadata,3,19.96,False,False,True,computed,7802,Colombo,LK,Sri Lanka,6.909445,79.875341,True,target_country_bbox_match,True,Unknown Governmental Organization,AirNow,True,False,2019-06-25T23:00:00Z,True,2025-04-09T14:30:00Z,True,False,True,1,2;pm25,US Public Domain,True,False,"This public-source access pass queries OpenAQ v3 location metadata for the air-monitoring upgrade queue. It does not validate monitor grade, does not prove no monitor exists outside OpenAQ, does not create a regulatory inventory, and does not estimate station-radius population coverage."
2026-06-19T06:27:19Z,ai-first,computed,air_monitoring_openaq_station_metadata_fetch_v1,LKA,LK,Sri Lanka,South Asia,positive_gdp_residual_monitor_metadata,3,19.96,False,False,True,computed,8054,US Diplomatic Post: Colombo,LK,Sri Lanka,6.913253,79.848684,True,target_country_bbox_match,True,Unknown Governmental Organization,StateAir Colombo,True,False,2017-09-26T00:00:00Z,True,2025-03-04T11:30:00Z,True,False,True,1,2;pm25,,True,False,"This public-source access pass queries OpenAQ v3 location metadata for the air-monitoring upgrade queue. It does not validate monitor grade, does not prove no monitor exists outside OpenAQ, does not create a regulatory inventory, and does not estimate station-radius population coverage."
2026-06-19T06:27:19Z,ai-first,computed,air_monitoring_openaq_station_metadata_fetch_v1,LKA,LK,Sri Lanka,South Asia,positive_gdp_residual_monitor_metadata,3,19.96,False,False,True,computed,2812757,Jaffna,LK,Sri Lanka,9.66831,80.02299,True,target_country_bbox_match,True,Clarity,Clarity,True,False,2024-04-24T16:00:00Z,True,2026-05-18T18:06:34Z,True,False,False,1,2;pm25,CC0 1.0,True,False,"This public-source access pass queries OpenAQ v3 location metadata for the air-monitoring upgrade queue. It does not validate monitor grade, does not prove no monitor exists outside OpenAQ, does not create a regulatory inventory, and does not estimate station-radius population coverage."
2026-06-19T06:27:19Z,ai-first,computed,air_monitoring_openaq_station_metadata_fetch_v1,MYS,MY,Malaysia,Southeast Asia,positive_gdp_residual_monitor_metadata,18,16.19,False,False,True,computed,370218,Kuala Lumpur,MY,Malaysia,3.15675,101.72145,True,target_country_bbox_match,True,Unknown Governmental Organization,AirNow,True,False,2022-11-03T21:00:00Z,True,2024-10-29T03:00:00Z,True,False,True,1,2;pm25,US Public Domain,True,False,"This public-source access pass queries OpenAQ v3 location metadata for the air-monitoring upgrade queue. It does not validate monitor grade, does not prove no monitor exists outside OpenAQ, does not create a regulatory inventory, and does not estimate station-radius population coverage."
2026-06-19T06:27:19Z,ai-first,computed,air_monitoring_openaq_station_metadata_fetch_v1,MYS,MY,Malaysia,Southeast Asia,positive_gdp_residual_monitor_metadata,18,16.19,False,False,True,computed,1174411,Ban Padang Community School,MY,Malaysia,6.39,100.19,True,target_country_bbox_match,True,Unknown Governmental Organization,Air4Thai,True,False,2023-07-06T10:00:00Z,True,2023-07-07T02:00:00Z,True,False,True,1,1;2;pm10;pm25,,True,False,"This public-source access pass queries OpenAQ v3 location metadata for the air-monitoring upgrade queue. It does not validate monitor grade, does not prove no monitor exists outside OpenAQ, does not create a regulatory inventory, and does not estimate station-radius population coverage."
2026-06-19T06:27:19Z,ai-first,computed,air_monitoring_openaq_station_metadata_fetch_v1,MYS,MY,Malaysia,Southeast Asia,positive_gdp_residual_monitor_metadata,18,16.19,False,False,True,computed,1730792,"CEASTech, UniMAP",MY,Malaysia,6.4363665,100.2330824,True,target_country_bbox_match,True,Unknown Governmental Organization,AirGradient,True,False,2023-10-20T09:00:00Z,True,2023-10-23T01:00:00Z,True,False,False,1,100;2;pm25;temperature;temperature(c),CC BY 4.0,True,False,"This public-source access pass queries OpenAQ v3 location metadata for the air-monitoring upgrade queue. It does not validate monitor grade, does not prove no monitor exists outside OpenAQ, does not create a regulatory inventory, and does not estimate station-radius population coverage."
2026-06-19T06:27:19Z,ai-first,computed,air_monitoring_openaq_station_metadata_fetch_v1,MYS,MY,Malaysia,Southeast Asia,positive_gdp_residual_monitor_metadata,18,16.19,False,False,True,computed,1817295,Setia Alam,MY,Malaysia,3.124023,101.455835,True,target_country_bbox_match,True,Unknown Person,AirGradient,True,False,2023-11-09T10:00:00Z,True,2025-01-13T23:00:00Z,True,False,False,1,1;100;125;19;2;98;pm03count;pm1;pm10;pm25;relativehumidity;rh;temperature;temperature(c);um003,CC BY 4.0,True,False,"This public-source access pass queries OpenAQ v3 location metadata for the air-monitoring upgrade queue. It does not validate monitor grade, does not prove no monitor exists outside OpenAQ, does not create a regulatory inventory, and does not estimate station-radius population coverage."
2026-06-19T06:27:19Z,ai-first,computed,air_monitoring_openaq_station_metadata_fetch_v1,MYS,MY,Malaysia,Southeast Asia,positive_gdp_residual_monitor_metadata,18,16.19,False,False,True,computed,3331918,Taman Tun Dr. Ismail,MY,Malaysia,3.1411106257486976,101.6274985267597,True,target_country_bbox_match,True,Aizat Faiz,AirGradient,True,False,2024-12-23T07:00:00Z,True,2026-06-19T06:00:00Z,True,False,False,1,1;100;125;19;2;98;pm03count;pm1;pm10;pm25;relativehumidity;rh;temperature;temperature(c);um003,CC BY 4.0,True,False,"This public-source access pass queries OpenAQ v3 location metadata for the air-monitoring upgrade queue. It does not validate monitor grade, does not prove no monitor exists outside OpenAQ, does not create a regulatory inventory, and does not estimate station-radius population coverage."
2026-06-19T06:27:19Z,ai-first,computed,air_monitoring_openaq_station_metadata_fetch_v1,MYS,MY,Malaysia,Southeast Asia,positive_gdp_residual_monitor_metadata,18,16.19,False,False,True,computed,3400978,Setia Eco Park,MY,Malaysia,3.1113299,101.476412,True,target_country_bbox_match,True,Dr Han,AirGradient,True,False,2025-02-11T18:00:00Z,True,2026-06-19T06:00:00Z,True,False,False,1,100;125;19;2;98;pm03count;pm1;pm25;relativehumidity;rh;temperature;temperature(c);um003,CC BY 4.0,True,False,"This public-source access pass queries OpenAQ v3 location metadata for the air-monitoring upgrade queue. It does not validate monitor grade, does not prove no monitor exists outside OpenAQ, does not create a regulatory inventory, and does not estimate station-radius population coverage."
2026-06-19T06:27:19Z,ai-first,computed,air_monitoring_openaq_station_metadata_fetch_v1,MYS,MY,Malaysia,Southeast Asia,positive_gdp_residual_monitor_metadata,18,16.19,False,False,True,computed,3720347,Tambulaung,MY,Malaysia,6.226897,116.451696,True,target_country_bbox_match,True,Hero Kongkob Job,AirGradient,True,False,2025-03-16T02:00:00Z,True,2026-06-19T05:00:00Z,True,False,False,1,100;125;19;2;98;pm03count;pm1;pm25;relativehumidity;rh;temperature;temperature(c);um003,CC BY 4.0,True,False,"This public-source access pass queries OpenAQ v3 location metadata for the air-monitoring upgrade queue. It does not validate monitor grade, does not prove no monitor exists outside OpenAQ, does not create a regulatory inventory, and does not estimate station-radius population coverage."
2026-06-19T06:27:19Z,ai-first,computed,air_monitoring_openaq_station_metadata_fetch_v1,MYS,MY,Malaysia,Southeast Asia,positive_gdp_residual_monitor_metadata,18,16.19,False,False,True,computed,4319138,Damansara Perdana,MY,Malaysia,3.165828,101.600871,True,target_country_bbox_match,True,AirGradient,AirGradient,True,False,2025-07-02T06:00:00Z,True,2025-07-10T12:00:00Z,True,False,False,1,100;125;19;2;98;pm03count;pm1;pm25;relativehumidity;rh;temperature;temperature(c);um003,CC BY 4.0,True,False,"This public-source access pass queries OpenAQ v3 location metadata for the air-monitoring upgrade queue. It does not validate monitor grade, does not prove no monitor exists outside OpenAQ, does not create a regulatory inventory, and does not estimate station-radius population coverage."
2026-06-19T06:27:19Z,ai-first,computed,air_monitoring_openaq_station_metadata_fetch_v1,MYS,MY,Malaysia,Southeast Asia,positive_gdp_residual_monitor_metadata,18,16.19,False,False,True,computed,4545510,Malacca - Pandan Jaya,MY,Malaysia,2.219881,102.232277,True,target_country_bbox_match,True,Airscan Malaysia,AirGradient,True,False,2025-07-07T05:00:00Z,True,2025-08-28T03:00:00Z,True,False,False,1,100;125;19;2;98;pm03count;pm1;pm25;relativehumidity;rh;temperature;temperature(c);um003,CC BY 4.0,True,False,"This public-source access pass queries OpenAQ v3 location metadata for the air-monitoring upgrade queue. It does not validate monitor grade, does not prove no monitor exists outside OpenAQ, does not create a regulatory inventory, and does not estimate station-radius population coverage."
2026-06-19T06:27:19Z,ai-first,computed,air_monitoring_openaq_station_metadata_fetch_v1,MYS,MY,Malaysia,Southeast Asia,positive_gdp_residual_monitor_metadata,18,16.19,False,False,True,computed,4708034,"Indera Mahkota 8, Pahang",MY,Malaysia,3.8306601450773936,103.30107730823119,True,target_country_bbox_match,True,AirGradient,AirGradient,True,False,2025-06-12T03:00:00Z,True,2025-08-27T04:00:00Z,True,False,False,1,100;125;19;2;98;pm03count;pm1;pm25;relativehumidity;rh;temperature;temperature(c);um003,CC BY 4.0,True,False,"This public-source access pass queries OpenAQ v3 location metadata for the air-monitoring upgrade queue. It does not validate monitor grade, does not prove no monitor exists outside OpenAQ, does not create a regulatory inventory, and does not estimate station-radius population coverage."
2026-06-19T06:27:19Z,ai-first,computed,air_monitoring_openaq_station_metadata_fetch_v1,MYS,MY,Malaysia,Southeast Asia,positive_gdp_residual_monitor_metadata,18,16.19,False,False,True,computed,4708035,"Bandar Pekan, Pekan, Pahang",MY,Malaysia,3.473340613003063,103.36738348023474,True,target_country_bbox_match,True,AirGradient,AirGradient,True,False,2025-06-12T04:00:00Z,True,2025-06-30T20:00:00Z,True,False,False,1,100;125;19;2;98;pm03count;pm1;pm25;relativehumidity;rh;temperature;temperature(c);um003,CC BY 4.0,True,False,"This public-source access pass queries OpenAQ v3 location metadata for the air-monitoring upgrade queue. It does not validate monitor grade, does not prove no monitor exists outside OpenAQ, does not create a regulatory inventory, and does not estimate station-radius population coverage."
2026-06-19T06:27:19Z,ai-first,computed,air_monitoring_openaq_station_metadata_fetch_v1,MYS,MY,Malaysia,Southeast Asia,positive_gdp_residual_monitor_metadata,18,16.19,False,False,True,computed,4985405,SM SAINS TUANKU SYED PUTRA,MY,Malaysia,6.427598,100.216451,True,target_country_bbox_match,True,ENVIRO EXCELTECH SDN BHD,AirGradient,True,False,2025-07-07T02:00:00Z,True,2026-06-19T06:00:00Z,True,False,False,1,100;125;19;2;98;pm03count;pm1;pm25;relativehumidity;rh;temperature;temperature(c);um003,CC BY 4.0,True,False,"This public-source access pass queries OpenAQ v3 location metadata for the air-monitoring upgrade queue. It does not validate monitor grade, does not prove no monitor exists outside OpenAQ, does not create a regulatory inventory, and does not estimate station-radius population coverage."
2026-06-19T06:27:19Z,ai-first,computed,air_monitoring_openaq_station_metadata_fetch_v1,MYS,MY,Malaysia,Southeast Asia,positive_gdp_residual_monitor_metadata,18,16.19,False,False,True,computed,5130522,Damansara Perdana,MY,Malaysia,3.165828,101.600871,True,target_country_bbox_match,True,Airscan Malaysia,AirGradient,True,False,2025-09-19T00:00:00Z,True,2025-10-22T09:00:00Z,True,False,False,1,100;125;19;2;98;pm03count;pm1;pm25;relativehumidity;rh;temperature;temperature(c);um003,CC BY 4.0,True,False,"This public-source access pass queries OpenAQ v3 location metadata for the air-monitoring upgrade queue. It does not validate monitor grade, does not prove no monitor exists outside OpenAQ, does not create a regulatory inventory, and does not estimate station-radius population coverage."
2026-06-19T06:27:19Z,ai-first,computed,air_monitoring_openaq_station_metadata_fetch_v1,MYS,MY,Malaysia,Southeast Asia,positive_gdp_residual_monitor_metadata,18,16.19,False,False,True,computed,5893160,KLCC,MY,Malaysia,3.1564,101.70981,True,target_country_bbox_match,True,Clarity,Clarity,True,False,2025-09-24T02:11:56Z,True,2026-05-24T12:44:51Z,True,False,False,1,2;pm25,CC0 1.0,True,False,"This public-source access pass queries OpenAQ v3 location metadata for the air-monitoring upgrade queue. It does not validate monitor grade, does not prove no monitor exists outside OpenAQ, does not create a regulatory inventory, and does not estimate station-radius population coverage."
2026-06-19T06:27:19Z,ai-first,computed,air_monitoring_openaq_station_metadata_fetch_v1,MYS,MY,Malaysia,Southeast Asia,positive_gdp_residual_monitor_metadata,18,16.19,False,False,True,computed,5894144,Bukit Bintang,MY,Malaysia,3.14601,101.71021,True,target_country_bbox_match,True,Clarity,Clarity,True,False,2025-09-24T04:09:40Z,True,2026-06-19T03:00:50Z,True,False,False,1,2;pm25,CC0 1.0,True,False,"This public-source access pass queries OpenAQ v3 location metadata for the air-monitoring upgrade queue. It does not validate monitor grade, does not prove no monitor exists outside OpenAQ, does not create a regulatory inventory, and does not estimate station-radius population coverage."
2026-06-19T06:27:19Z,ai-first,computed,air_monitoring_openaq_station_metadata_fetch_v1,MYS,MY,Malaysia,Southeast Asia,positive_gdp_residual_monitor_metadata,18,16.19,False,False,True,computed,6174998,"iyachart Pattana School, under the royal patronage of Her Royal Highness Princess Maha Chakri Sirindhorn.",MY,Malaysia,4.278781,101.160938,True,target_country_bbox_match,True,Unknown Governmental Organization,Air4Thai,True,False,2025-12-23T04:00:00Z,True,2025-12-24T02:00:00Z,True,False,True,1,2;pm25,,True,False,"This public-source access pass queries OpenAQ v3 location metadata for the air-monitoring upgrade queue. It does not validate monitor grade, does not prove no monitor exists outside OpenAQ, does not create a regulatory inventory, and does not estimate station-radius population coverage."
2026-06-19T06:27:19Z,ai-first,computed,air_monitoring_openaq_station_metadata_fetch_v1,MYS,MY,Malaysia,Southeast Asia,positive_gdp_residual_monitor_metadata,18,16.19,False,False,True,computed,6289999,Sejati Residences Cyberjaya,MY,Malaysia,2.913,101.640583,True,target_country_bbox_match,True,AirGradient,AirGradient,True,False,2026-03-30T11:00:00Z,True,2026-06-19T06:00:00Z,True,False,False,1,100;125;19;2;98;pm03count;pm1;pm25;relativehumidity;rh;temperature;temperature(c);um003,CC BY 4.0,True,False,"This public-source access pass queries OpenAQ v3 location metadata for the air-monitoring upgrade queue. It does not validate monitor grade, does not prove no monitor exists outside OpenAQ, does not create a regulatory inventory, and does not estimate station-radius population coverage."
2026-06-19T06:27:19Z,ai-first,computed,air_monitoring_openaq_station_metadata_fetch_v1,MYS,MY,Malaysia,Southeast Asia,positive_gdp_residual_monitor_metadata,18,16.19,False,False,True,computed,6308396,"FPSK, Serdang",MY,Malaysia,2.9785511223627714,101.71745723362872,True,target_country_bbox_match,True,AirGradient,AirGradient,True,False,2026-04-15T02:00:00Z,True,2026-06-09T10:00:00Z,True,False,False,1,100;125;19;2;98;pm03count;pm1;pm25;relativehumidity;rh;temperature;temperature(c);um003,CC BY 4.0,True,False,"This public-source access pass queries OpenAQ v3 location metadata for the air-monitoring upgrade queue. It does not validate monitor grade, does not prove no monitor exists outside OpenAQ, does not create a regulatory inventory, and does not estimate station-radius population coverage."
2026-06-19T06:27:19Z,ai-first,computed,air_monitoring_openaq_station_metadata_fetch_v1,TKM,TM,Turkmenistan,Central and West Asia,positive_gdp_residual_monitor_metadata,2,19.6,False,False,True,computed,8170,US Diplomatic Post: Ashgabat,TM,Turkmenistan,37.941857,58.387945,True,target_country_bbox_match,True,Unknown Governmental Organization,StateAir Ashgabat,True,False,2019-10-20T22:00:00Z,True,2025-03-04T12:00:00Z,True,False,True,1,2;pm25,,True,False,"This public-source access pass queries OpenAQ v3 location metadata for the air-monitoring upgrade queue. It does not validate monitor grade, does not prove no monitor exists outside OpenAQ, does not create a regulatory inventory, and does not estimate station-radius population coverage."
2026-06-19T06:27:19Z,ai-first,computed,air_monitoring_openaq_station_metadata_fetch_v1,TKM,TM,Turkmenistan,Central and West Asia,positive_gdp_residual_monitor_metadata,2,19.6,False,False,True,computed,8870,Ashgabat,TM,Turkmenistan,37.9415,58.3879,True,target_country_bbox_match,True,Unknown Governmental Organization,AirNow,True,False,2019-10-28T19:00:00Z,True,2025-09-24T17:00:00Z,True,False,True,1,2;pm25,US Public Domain,True,False,"This public-source access pass queries OpenAQ v3 location metadata for the air-monitoring upgrade queue. It does not validate monitor grade, does not prove no monitor exists outside OpenAQ, does not create a regulatory inventory, and does not estimate station-radius population coverage."
2026-06-19T06:27:19Z,ai-first,computed,air_monitoring_openaq_station_metadata_fetch_v1,BRN,BN,Brunei Darussalam,Southeast Asia,zero_public_monitor_above_guideline,0,7.6,False,True,False,computed_zero_locations,,,,,,,False,country_code_match_coordinate_missing,False,,,False,False,,False,,False,,,0,,,False,False,"This public-source access pass queries OpenAQ v3 location metadata for the air-monitoring upgrade queue. It does not validate monitor grade, does not prove no monitor exists outside OpenAQ, does not create a regulatory inventory, and does not estimate station-radius population coverage."
2026-06-19T06:27:19Z,ai-first,computed,air_monitoring_openaq_station_metadata_fetch_v1,FJI,FJ,Fiji,The Pacific,zero_public_monitor_above_guideline,0,12.42,False,True,False,computed_zero_locations,,,,,,,False,country_code_match_coordinate_missing,False,,,False,False,,False,,False,,,0,,,False,False,"This public-source access pass queries OpenAQ v3 location metadata for the air-monitoring upgrade queue. It does not validate monitor grade, does not prove no monitor exists outside OpenAQ, does not create a regulatory inventory, and does not estimate station-radius population coverage."
2026-06-19T06:27:19Z,ai-first,computed,air_monitoring_openaq_station_metadata_fetch_v1,FSM,FM,"Micronesia, Federated States of",The Pacific,zero_public_monitor_above_guideline,0,12.11,False,True,False,computed_zero_locations,,,,,,,False,country_code_match_coordinate_missing,False,,,False,False,,False,,False,,,0,,,False,False,"This public-source access pass queries OpenAQ v3 location metadata for the air-monitoring upgrade queue. It does not validate monitor grade, does not prove no monitor exists outside OpenAQ, does not create a regulatory inventory, and does not estimate station-radius population coverage."
2026-06-19T06:27:19Z,ai-first,computed,air_monitoring_openaq_station_metadata_fetch_v1,KIR,KI,Kiribati,The Pacific,zero_public_monitor_above_guideline,0,11.26,False,True,False,computed_zero_locations,,,,,,,False,country_code_match_coordinate_missing,False,,,False,False,,False,,False,,,0,,,False,False,"This public-source access pass queries OpenAQ v3 location metadata for the air-monitoring upgrade queue. It does not validate monitor grade, does not prove no monitor exists outside OpenAQ, does not create a regulatory inventory, and does not estimate station-radius population coverage."
2026-06-19T06:27:19Z,ai-first,computed,air_monitoring_openaq_station_metadata_fetch_v1,MHL,MH,Marshall Islands,The Pacific,zero_public_monitor_above_guideline,0,10.73,False,True,False,computed_zero_locations,,,,,,,False,country_code_match_coordinate_missing,False,,,False,False,,False,,False,,,0,,,False,False,"This public-source access pass queries OpenAQ v3 location metadata for the air-monitoring upgrade queue. It does not validate monitor grade, does not prove no monitor exists outside OpenAQ, does not create a regulatory inventory, and does not estimate station-radius population coverage."
2026-06-19T06:27:19Z,ai-first,computed,air_monitoring_openaq_station_metadata_fetch_v1,NRU,NR,Nauru,The Pacific,zero_public_monitor_above_guideline,0,6.06,False,True,False,computed_zero_locations,,,,,,,False,country_code_match_coordinate_missing,False,,,False,False,,False,,False,,,0,,,False,False,"This public-source access pass queries OpenAQ v3 location metadata for the air-monitoring upgrade queue. It does not validate monitor grade, does not prove no monitor exists outside OpenAQ, does not create a regulatory inventory, and does not estimate station-radius population coverage."
2026-06-19T06:27:19Z,ai-first,computed,air_monitoring_openaq_station_metadata_fetch_v1,PLW,PW,Palau,The Pacific,zero_public_monitor_above_guideline,0,7.33,False,True,False,computed_zero_locations,,,,,,,False,country_code_match_coordinate_missing,False,,,False,False,,False,,False,,,0,,,False,False,"This public-source access pass queries OpenAQ v3 location metadata for the air-monitoring upgrade queue. It does not validate monitor grade, does not prove no monitor exists outside OpenAQ, does not create a regulatory inventory, and does not estimate station-radius population coverage."
2026-06-19T06:27:19Z,ai-first,computed,air_monitoring_openaq_station_metadata_fetch_v1,PNG,PG,Papua New Guinea,The Pacific,zero_public_monitor_above_guideline,0,17.31,False,True,False,computed_zero_locations,,,,,,,False,country_code_match_coordinate_missing,False,,,False,False,,False,,False,,,0,,,False,False,"This public-source access pass queries OpenAQ v3 location metadata for the air-monitoring upgrade queue. It does not validate monitor grade, does not prove no monitor exists outside OpenAQ, does not create a regulatory inventory, and does not estimate station-radius population coverage."
2026-06-19T06:27:19Z,ai-first,computed,air_monitoring_openaq_station_metadata_fetch_v1,TLS,TL,Timor-Leste,Southeast Asia,zero_public_monitor_above_guideline,0,17.41,False,True,False,computed_zero_locations,,,,,,,False,country_code_match_coordinate_missing,False,,,False,False,,False,,False,,,0,,,False,False,"This public-source access pass queries OpenAQ v3 location metadata for the air-monitoring upgrade queue. It does not validate monitor grade, does not prove no monitor exists outside OpenAQ, does not create a regulatory inventory, and does not estimate station-radius population coverage."
2026-06-19T06:27:19Z,ai-first,computed,air_monitoring_openaq_station_metadata_fetch_v1,TON,TO,Tonga,The Pacific,zero_public_monitor_above_guideline,0,12.48,False,True,False,computed_zero_locations,,,,,,,False,country_code_match_coordinate_missing,False,,,False,False,,False,,False,,,0,,,False,False,"This public-source access pass queries OpenAQ v3 location metadata for the air-monitoring upgrade queue. It does not validate monitor grade, does not prove no monitor exists outside OpenAQ, does not create a regulatory inventory, and does not estimate station-radius population coverage."
2026-06-19T06:27:19Z,ai-first,computed,air_monitoring_openaq_station_metadata_fetch_v1,TUV,TV,Tuvalu,The Pacific,zero_public_monitor_above_guideline,0,5.92,False,True,False,computed_zero_locations,,,,,,,False,country_code_match_coordinate_missing,False,,,False,False,,False,,False,,,0,,,False,False,"This public-source access pass queries OpenAQ v3 location metadata for the air-monitoring upgrade queue. It does not validate monitor grade, does not prove no monitor exists outside OpenAQ, does not create a regulatory inventory, and does not estimate station-radius population coverage."
2026-06-19T06:27:19Z,ai-first,computed,air_monitoring_openaq_station_metadata_fetch_v1,VUT,VU,Vanuatu,The Pacific,zero_public_monitor_above_guideline,0,14.08,False,True,False,computed_zero_locations,,,,,,,False,country_code_match_coordinate_missing,False,,,False,False,,False,,False,,,0,,,False,False,"This public-source access pass queries OpenAQ v3 location metadata for the air-monitoring upgrade queue. It does not validate monitor grade, does not prove no monitor exists outside OpenAQ, does not create a regulatory inventory, and does not estimate station-radius population coverage."
2026-06-19T06:27:19Z,ai-first,computed,air_monitoring_openaq_station_metadata_fetch_v1,WSM,WS,Samoa,The Pacific,zero_public_monitor_above_guideline,0,12.55,False,True,False,computed_zero_locations,,,,,,,False,country_code_match_coordinate_missing,False,,,False,False,,False,,False,,,0,,,False,False,"This public-source access pass queries OpenAQ v3 location metadata for the air-monitoring upgrade queue. It does not validate monitor grade, does not prove no monitor exists outside OpenAQ, does not create a regulatory inventory, and does not estimate station-radius population coverage."
